timeframe,n_period,entry_delta,grid_step,tp_delta,emergency_breakeven_exit,sl_amount,total_trades,win_trades,loss_trades,win_rate,total_pnl,profit_factor,max_drawdown,max_drawdown_pct,avg_trade_pnl,max_nanpin_reached,avg_nanpin_count,calmar_ratio,return_on_capital,robust_score,neighbor_mean_pnl,neighbor_min_pnl,neighbor_mean_pf,neighbor_mean_mdd,neighbor_count
60min,4,250.0,300.0,325.0,False,500000.0,468,462,6,98.72,2599730.0,1.85,1335450.0,42.71,5555.0,14,1.62,1.95,86.66,742206.6731913328,2503165.4166666665,1363220.0,2.045,1413748.5416666667,24
60min,4,250.0,275.0,275.0,False,500000.0,497,491,6,98.79,2496530.0,1.83,1408040.0,44.84,5023.2,13,1.68,1.77,83.22,747814.3467855046,2356528.75,787460.0,2.1479166666666667,1258255.0,24
60min,4,250.0,275.0,325.0,False,500000.0,476,469,7,98.53,2730280.0,1.78,1344210.0,42.74,5735.9,13,1.76,2.03,91.01,578050.7019978912,2482635.625,1363220.0,1.979375,1530431.5625,16
60min,4,250.0,300.0,275.0,False,500000.0,488,484,4,99.18,3102370.0,2.55,854210.0,27.42,6357.3,13,1.56,3.63,103.41,775991.8284840548,2306033.611111111,787460.0,2.1475000000000004,1228561.5277777778,36
60min,4,250.0,275.0,300.0,False,500000.0,490,484,6,98.78,2896660.0,1.96,1369550.0,43.61,5911.6,13,1.71,2.12,96.56,569957.1973320046,2412823.75,787460.0,2.0270833333333336,1450373.125,24
60min,4,250.0,325.0,250.0,False,500000.0,493,490,3,99.39,2547330.0,2.56,870950.0,28.13,5167.0,12,1.38,2.92,84.91,1001198.150422158,2368647.0833333335,1403790.0,2.3825,1162886.25,24
60min,4,250.0,275.0,250.0,False,500000.0,507,502,5,99.01,2426860.0,1.97,864470.0,27.6,4786.7,13,1.62,2.81,80.9,773547.9035404195,2251851.25,787460.0,2.156875,1200035.625,16
60min,4,250.0,300.0,250.0,False,500000.0,497,494,3,99.4,3296340.0,3.19,886970.0,28.53,6632.5,13,1.52,3.72,109.88,775906.7049009664,2183264.5833333335,787460.0,2.1354166666666665,1191683.125,24
60min,4,250.0,325.0,300.0,False,500000.0,472,468,4,99.15,2837250.0,2.33,833350.0,26.8,6011.1,12,1.48,3.4,94.58,1026146.3901542695,2580682.222222222,1380930.0,2.3375,1216775.2777777778,36
60min,4,250.0,325.0,325.0,False,500000.0,468,463,5,98.93,2587710.0,1.98,987920.0,24.98,5529.3,12,1.49,2.62,86.26,1003742.7710287191,2632641.6666666665,1380930.0,2.3054166666666664,1249548.3333333333,24
60min,4,250.0,325.0,275.0,False,500000.0,480,476,4,99.17,2468520.0,2.16,850950.0,27.43,5142.8,12,1.45,2.9,82.28,1041082.122881657,2463032.777777778,1380930.0,2.3922222222222222,1160218.0555555555,36
60min,4,250.0,350.0,250.0,False,500000.0,479,476,3,99.37,2518230.0,2.67,912080.0,29.17,5257.3,11,1.31,2.76,83.94,851528.7084237147,2082453.75,1403790.0,2.1793750000000003,1195404.375,16
60min,4,250.0,350.0,325.0,False,500000.0,462,459,3,99.35,3413360.0,3.19,855685.0,27.2,7388.2,11,1.37,3.99,113.78,1028504.9302815152,2465522.5,1380930.0,2.2625,1175179.375,16
60min,4,250.0,350.0,300.0,False,500000.0,467,464,3,99.36,3180960.0,3.11,872435.0,27.78,6811.5,11,1.37,3.65,106.03,984528.1125664503,2370098.75,1380930.0,2.2420833333333334,1178805.2083333333,24
60min,4,250.0,350.0,275.0,False,500000.0,476,473,3,99.37,2806400.0,2.86,887585.0,28.32,5895.8,11,1.32,3.16,93.55,896098.181885385,2185699.1666666665,1380930.0,2.2125,1186428.5416666667,24
60min,4,250.0,300.0,300.0,False,500000.0,478,474,4,99.16,3503430.0,2.75,799010.0,25.58,7329.4,13,1.6,4.38,116.78,673826.9702454993,2405563.3333333335,787460.0,2.0625000000000004,1359323.3333333333,36
60min,4,275.0,275.0,250.0,False,500000.0,445,438,7,98.43,906490.0,1.26,1480040.0,47.52,2037.1,14,1.68,0.61,30.22,941582.4892672562,2335162.9166666665,787460.0,2.4295833333333334,1067169.1666666667,24
60min,4,275.0,300.0,275.0,False,500000.0,430,426,4,99.07,2779380.0,2.39,1461090.0,47.15,6463.7,13,1.63,1.9,92.65,971618.9577383153,2402682.962962963,787460.0,2.4857407407407406,1071143.4259259258,54
60min,4,275.0,300.0,250.0,False,500000.0,445,441,4,99.1,2321440.0,2.16,1497200.0,48.47,5216.7,13,1.53,1.55,77.38,966288.3691497629,2294746.111111111,787460.0,2.4788888888888883,1043895.9722222222,36
60min,4,275.0,275.0,275.0,False,500000.0,437,429,8,98.17,787460.0,1.2,1726765.0,55.29,1802.0,14,1.76,0.46,26.25,930629.0536101761,2433078.611111111,787460.0,2.444722222222222,1105010.0,36
60min,4,275.0,325.0,250.0,False,500000.0,443,439,4,99.1,1758050.0,1.88,1463005.0,47.6,3968.5,13,1.38,1.2,58.6,1266828.4158849022,2461817.222222222,1403790.0,2.803333333333333,991028.8888888889,36
60min,4,275.0,275.0,325.0,False,500000.0,431,423,8,98.14,1729560.0,1.43,1980450.0,63.2,4012.9,14,1.82,0.87,57.65,903972.1607718422,2635816.25,1363220.0,2.35,1307088.125,24
60min,4,275.0,350.0,250.0,False,500000.0,438,434,4,99.09,1624930.0,1.81,1537250.0,49.48,3709.9,12,1.31,1.06,54.16,1117501.5906101437,2198352.5,1403790.0,2.5954166666666665,1009990.4166666666,24
60min,4,275.0,300.0,325.0,False,500000.0,417,411,6,98.56,2366920.0,1.79,1940930.0,62.43,5676.1,13,1.71,1.22,78.9,1048880.7367877911,2655410.0,1363220.0,2.42,1214892.0833333333,36
60min,4,275.0,350.0,300.0,False,500000.0,416,411,5,98.8,1616360.0,1.65,1483130.0,47.51,3885.5,12,1.42,1.09,53.88,1248730.6714094547,2496099.722222222,1380930.0,2.624166666666666,1022520.2777777778,36
60min,4,275.0,275.0,300.0,False,500000.0,432,424,8,98.15,1384820.0,1.35,2003150.0,64.03,3205.6,14,1.81,0.69,46.16,822799.9596192803,2566311.6666666665,787460.0,2.387222222222222,1244995.0,36
60min,4,275.0,350.0,275.0,False,500000.0,421,417,4,99.05,1969450.0,1.98,1503530.0,48.25,4678.0,12,1.4,1.31,65.65,1166920.6759443965,2306714.1666666665,1380930.0,2.6230555555555553,1008696.8055555555,36
60min,4,275.0,350.0,325.0,False,500000.0,408,403,5,98.77,1926450.0,1.77,1468230.0,46.97,4721.7,12,1.47,1.31,64.22,1279065.396274318,2582030.8333333335,1380930.0,2.6004166666666664,1032275.0,24
60min,4,275.0,300.0,300.0,False,500000.0,427,422,5,98.83,2592790.0,2.04,1394240.0,44.92,6072.1,13,1.65,1.86,86.43,919837.9112635291,2565605.3703703703,787460.0,2.4505555555555554,1169495.462962963,54
60min,4,275.0,325.0,325.0,False,500000.0,418,413,5,98.8,2306460.0,1.88,1378535.0,44.56,5517.8,13,1.56,1.67,76.88,1315806.166922781,2802851.6666666665,1380930.0,2.7636111111111106,1073989.4444444445,36
60min,4,275.0,325.0,275.0,False,500000.0,430,425,5,98.84,1459810.0,1.56,1449455.0,47.0,3394.9,13,1.46,1.01,48.66,1317724.3212716568,2575708.1481481483,1380930.0,2.838148148148148,992291.4814814815,54
60min,4,275.0,325.0,300.0,False,500000.0,420,415,5,98.81,1958280.0,1.75,1437605.0,46.54,4662.6,13,1.54,1.36,65.28,1333727.1992529593,2734723.1481481483,1380930.0,2.8027777777777776,1043526.2037037037,54
60min,4,300.0,275.0,250.0,False,500000.0,399,394,5,98.75,1502430.0,1.6,1067850.0,21.23,3765.5,13,1.67,1.41,50.08,954192.8314992768,2141825.4166666665,787460.0,2.470416666666667,997897.5,24
60min,4,300.0,325.0,250.0,False,500000.0,392,390,2,99.49,2465800.0,3.46,641295.0,18.13,6290.3,12,1.39,3.85,82.19,1263854.84465596,2269092.777777778,1403790.0,2.9347222222222222,910081.8055555555,36
60min,4,300.0,275.0,325.0,False,500000.0,374,368,6,98.4,2573430.0,1.86,1141035.0,33.99,6880.8,13,1.97,2.26,85.78,1075965.9741676617,2582424.5833333335,1363220.0,2.549583333333333,1161490.8333333333,24
60min,4,300.0,275.0,275.0,False,500000.0,390,385,5,98.72,2050870.0,1.82,941520.0,17.89,5258.6,13,1.78,2.18,68.36,963410.0525126378,2257884.1666666665,787460.0,2.507222222222222,1026529.1666666666,36
60min,4,300.0,275.0,300.0,False,500000.0,380,374,6,98.42,1920080.0,1.64,853390.0,25.65,5052.8,13,1.9,2.25,64.0,949233.0290625828,2482838.0555555555,787460.0,2.546388888888889,1110524.4444444445,36
60min,4,300.0,325.0,325.0,False,500000.0,362,359,3,99.17,3091410.0,2.94,728525.0,17.56,8539.8,12,1.66,4.24,103.05,1373688.599501484,2675801.388888889,1380930.0,2.9813888888888886,991445.9722222222,36
60min,4,300.0,300.0,275.0,False,500000.0,380,378,2,99.47,3449240.0,4.45,660825.0,18.86,9076.9,13,1.67,5.22,114.97,1009722.5588372885,2252560.925925926,787460.0,2.622592592592593,993316.6666666666,54
60min,4,300.0,300.0,250.0,False,500000.0,395,393,2,99.49,2997630.0,3.99,661825.0,19.42,7588.9,13,1.54,4.53,99.92,989524.422079325,2129191.6666666665,787460.0,2.587222222222222,971314.4444444445,36
60min,4,300.0,300.0,300.0,False,500000.0,373,371,2,99.46,3885940.0,4.88,659825.0,17.91,10418.1,13,1.75,5.89,129.53,1032440.0431322065,2495610.925925926,787460.0,2.6774074074074075,1051087.1296296297,54
60min,4,300.0,300.0,325.0,False,500000.0,368,365,3,99.18,3706030.0,3.47,717315.0,17.47,10070.7,13,1.81,5.17,123.53,1202989.9078215398,2612746.6666666665,1363220.0,2.682777777777778,1087824.7222222222,36
60min,4,300.0,350.0,325.0,False,500000.0,360,357,3,99.17,2553440.0,2.7,881485.0,18.36,7092.9,12,1.49,2.9,85.11,1276309.3924856891,2422715.8333333335,1380930.0,2.770416666666667,974717.2916666666,24
60min,4,300.0,325.0,275.0,False,500000.0,380,378,2,99.47,2881200.0,3.88,640295.0,17.96,7582.1,12,1.5,4.5,96.04,1317566.4983204308,2390900.925925926,1380930.0,2.9953703703703702,916390.1851851852,54
60min,4,300.0,350.0,275.0,False,500000.0,378,376,2,99.47,2590810.0,3.59,630555.0,19.08,6854.0,12,1.38,4.11,86.36,1188592.242987091,2157865.5555555555,1380930.0,2.8188888888888886,925909.0277777778,36
60min,4,300.0,325.0,300.0,False,500000.0,367,364,3,99.18,2597520.0,2.63,729975.0,17.8,7077.7,12,1.6,3.56,86.58,1370154.4709512212,2594085.7407407407,1380930.0,3.004259259259259,962902.0370370371,54
60min,4,300.0,350.0,250.0,False,500000.0,389,387,2,99.49,2237750.0,3.23,631305.0,19.63,5752.6,12,1.3,3.54,74.59,1136119.4475356687,2047069.1666666667,1403790.0,2.76375,924424.375,24
60min,4,300.0,350.0,300.0,False,500000.0,365,363,2,99.45,2939220.0,3.93,629805.0,18.77,8052.7,12,1.48,4.67,97.97,1256984.3865940454,2343262.777777778,1380930.0,2.8069444444444445,955952.9166666666,36
60min,4,325.0,275.0,250.0,False,500000.0,338,333,5,98.52,1356860.0,1.54,1119470.0,22.52,4014.4,13,1.83,1.21,45.23,1351062.0934952,2267700.625,1356860.0,2.72375,815036.875,16
60min,4,325.0,275.0,275.0,False,500000.0,331,326,5,98.49,1702540.0,1.68,1003680.0,21.24,5143.6,13,1.9,1.7,56.75,1426929.921013889,2405532.9166666665,1356860.0,2.8033333333333332,811694.1666666666,24
60min,4,325.0,275.0,300.0,False,500000.0,325,320,5,98.46,2118010.0,1.85,879920.0,19.62,6517.0,13,1.99,2.41,70.6,1619738.7146609323,2721118.75,1602330.0,2.9133333333333336,819826.4583333334,24
60min,4,325.0,300.0,250.0,False,500000.0,346,344,2,99.42,2299690.0,3.3,656875.0,18.05,6646.5,13,1.53,3.5,76.66,1458749.106800761,2299355.0,1356860.0,2.93625,756447.0833333334,24
60min,4,325.0,275.0,325.0,False,500000.0,320,315,5,98.44,2600530.0,2.04,810045.0,18.75,8126.7,13,2.09,3.21,86.68,1678211.0094896844,2844122.5,1602330.0,2.9581250000000003,829537.1875,16
60min,4,325.0,300.0,275.0,False,500000.0,329,326,3,99.09,2404290.0,2.6,716915.0,19.17,7307.9,13,1.72,3.35,80.14,1531315.3619856862,2432915.0,1356860.0,2.9969444444444444,759110.5555555555,36
60min,4,325.0,325.0,250.0,False,500000.0,337,335,2,99.41,2101990.0,3.1,635645.0,18.22,6237.4,12,1.48,3.31,70.07,1695101.3371545041,2413564.1666666665,1750800.0,3.3774999999999995,648328.5416666666,24
60min,4,325.0,300.0,325.0,False,500000.0,317,314,3,99.05,3154470.0,3.1,712915.0,17.57,9951.0,13,1.89,4.42,105.15,1778823.327831169,2857858.3333333335,1602330.0,3.11875,784246.4583333334,24
60min,4,325.0,300.0,300.0,False,500000.0,323,320,3,99.07,2806700.0,2.87,715115.0,18.41,8689.5,13,1.81,3.92,93.56,1720048.5277354007,2737466.9444444445,1602330.0,3.0999999999999996,771679.8611111111,36
60min,4,325.0,350.0,250.0,False,500000.0,338,336,2,99.41,1923170.0,2.92,636930.0,20.01,5689.9,11,1.38,3.02,64.11,1616557.6635786693,2253485.0,1750800.0,3.25125,638355.3125,16
60min,4,325.0,325.0,300.0,False,500000.0,318,316,2,99.37,2870360.0,3.87,633645.0,17.99,9026.3,12,1.67,4.53,95.68,1905378.4261698618,2819531.388888889,1964080.0,3.5236111111111112,694645.1388888889,36
60min,4,325.0,325.0,275.0,False,500000.0,327,325,2,99.39,2457010.0,3.46,634645.0,18.1,7513.8,12,1.56,3.87,81.9,1794465.8318897574,2576767.5,1750800.0,3.4919444444444445,653043.8888888889,36
60min,4,325.0,350.0,325.0,False,500000.0,309,306,3,99.03,2189090.0,2.46,948405.0,19.8,7084.4,12,1.61,2.31,72.97,1769027.4356966254,2660952.5,1964080.0,3.2493749999999997,736233.4375,16
60min,4,325.0,350.0,275.0,False,500000.0,328,326,2,99.39,2223290.0,3.22,625905.0,19.34,6778.3,12,1.45,3.55,74.11,1704602.1072008936,2393976.6666666665,1750800.0,3.3408333333333338,644491.6666666666,24
60min,4,325.0,350.0,300.0,False,500000.0,318,316,2,99.37,2503500.0,3.5,625155.0,19.22,7872.6,12,1.53,4.0,83.45,1762442.267131562,2581137.9166666665,1964080.0,3.3062500000000004,702568.5416666666,24
60min,4,325.0,325.0,325.0,False,500000.0,310,307,3,99.03,2679570.0,2.79,720255.0,17.63,8643.8,12,1.75,3.72,89.32,1946984.8988194903,2932520.8333333335,1964080.0,3.522916666666667,717726.4583333334,24
60min,5,250.0,275.0,250.0,False,500000.0,478,472,6,98.74,1557490.0,1.52,995330.0,28.17,3258.3,13,1.61,1.56,51.92,756898.9650674985,2212565.8333333335,645260.0,2.219583333333333,1163023.3333333333,24
60min,5,250.0,275.0,300.0,False,500000.0,464,457,7,98.49,1945240.0,1.56,1431800.0,45.45,4192.3,13,1.7,1.36,64.84,520369.6769492898,2311052.777777778,645260.0,2.0250000000000004,1448495.4166666667,36
60min,5,250.0,275.0,275.0,False,500000.0,469,462,7,98.51,1587770.0,1.45,1471540.0,46.71,3385.4,13,1.67,1.08,52.93,712511.2890866485,2287665.8333333335,645260.0,2.1844444444444444,1235902.361111111,36
60min,5,250.0,300.0,250.0,False,500000.0,468,465,3,99.36,3045820.0,3.03,922660.0,29.61,6508.2,13,1.5,3.3,101.53,739871.0349923711,2136821.388888889,645260.0,2.181111111111111,1170756.9444444445,36
60min,5,250.0,275.0,325.0,False,500000.0,455,448,7,98.46,2321130.0,1.66,1405010.0,44.54,5101.4,13,1.74,1.65,77.37,482634.7577948096,2364852.5,920970.0,1.9704166666666663,1545965.8333333333,24
60min,5,250.0,300.0,275.0,False,500000.0,461,458,3,99.35,3395840.0,3.26,888400.0,28.45,7366.2,13,1.54,3.82,113.19,728402.9111898274,2244289.4444444445,645260.0,2.182592592592593,1218033.0555555555,54
60min,5,250.0,300.0,325.0,False,500000.0,440,436,4,99.09,3502170.0,2.75,1366940.0,43.63,7959.5,13,1.62,2.56,116.74,641651.4731280986,2434687.222222222,920970.0,2.0836111111111117,1423491.6666666667,36
60min,5,250.0,300.0,300.0,False,500000.0,452,449,3,99.34,3751300.0,3.5,831750.0,26.58,8299.3,13,1.56,4.51,125.04,622751.2597160584,2342948.703703704,645260.0,2.097777777777778,1359201.388888889,54
60min,5,250.0,325.0,300.0,False,500000.0,452,449,3,99.34,3098010.0,2.9,863830.0,27.74,6854.0,12,1.46,3.59,103.27,997775.8411056593,2524652.777777778,1353800.0,2.3687037037037038,1218754.7222222222,54
60min,5,250.0,325.0,275.0,False,500000.0,460,457,3,99.35,2729380.0,2.67,894080.0,28.78,5933.4,12,1.42,3.05,90.98,1015226.5557430948,2412116.296296296,1165450.0,2.4529629629629635,1150199.1666666667,54
60min,5,250.0,325.0,325.0,False,500000.0,444,440,4,99.1,2832780.0,2.33,1021370.0,25.68,6380.1,12,1.47,2.77,94.43,962678.1299362393,2566243.0555555555,1353800.0,2.310277777777778,1258941.6666666667,36
60min,5,250.0,350.0,275.0,False,500000.0,450,447,3,99.33,2589500.0,2.72,916660.0,29.19,5754.4,11,1.31,2.82,86.32,875401.6532900739,2131593.3333333335,1165450.0,2.256111111111111,1180623.611111111,36
60min,5,250.0,350.0,250.0,False,500000.0,459,456,3,99.35,2308280.0,2.53,941460.0,30.05,5028.9,11,1.27,2.45,76.94,838929.9916041208,2039957.9166666667,1165450.0,2.257916666666667,1180129.375,24
60min,5,250.0,325.0,250.0,False,500000.0,471,468,3,99.36,2277720.0,2.39,880205.0,28.39,4835.9,12,1.35,2.59,75.92,1004061.1468949097,2329616.9444444445,1165450.0,2.4774999999999996,1139636.5277777778,36
60min,5,250.0,350.0,300.0,False,500000.0,443,440,3,99.32,2867480.0,2.9,885775.0,28.15,6472.9,11,1.35,3.24,95.58,958768.9895463162,2311324.1666666665,1353800.0,2.2697222222222226,1176373.888888889,36
60min,5,250.0,350.0,325.0,False,500000.0,438,435,3,99.32,3060870.0,2.96,869025.0,27.57,6988.3,11,1.35,3.52,102.03,989182.6439700103,2387483.75,1353800.0,2.2504166666666667,1177987.9166666667,24
60min,5,275.0,275.0,250.0,False,500000.0,417,412,5,98.8,1712060.0,1.68,1082175.0,32.88,4105.7,13,1.67,1.58,57.07,904224.3775476802,2281725.5555555555,645260.0,2.4527777777777775,1040758.8888888889,36
60min,5,275.0,300.0,250.0,False,500000.0,414,411,3,99.28,2577520.0,2.72,1149675.0,35.16,6225.9,13,1.5,2.24,85.92,911531.9499583503,2232122.407407407,645260.0,2.4833333333333334,1028836.2962962963,54
60min,5,275.0,275.0,325.0,False,500000.0,401,393,8,98.0,1363220.0,1.34,2084160.0,65.46,3399.6,13,1.85,0.65,45.44,755795.0881341749,2515099.4444444445,920970.0,2.336388888888889,1320397.361111111,36
60min,5,275.0,275.0,275.0,False,500000.0,407,400,7,98.28,1026690.0,1.29,1389410.0,41.83,2522.6,13,1.77,0.74,34.22,873671.2315294753,2352962.222222222,645260.0,2.446296296296296,1090714.2592592593,54
60min,5,275.0,275.0,300.0,False,500000.0,403,396,7,98.26,1616220.0,1.46,1682285.0,50.19,4010.5,13,1.82,0.96,53.87,751063.3832313075,2460064.6296296297,645260.0,2.3738888888888887,1245535.462962963,54
60min,5,275.0,300.0,275.0,False,500000.0,397,394,3,99.24,3009560.0,3.01,1122595.0,34.03,7580.8,13,1.64,2.68,100.32,906800.1880869187,2329010.24691358,645260.0,2.4917283950617284,1063459.3209876544,81
60min,5,275.0,300.0,325.0,False,500000.0,386,381,5,98.7,2582090.0,2.03,2032205.0,64.24,6689.4,13,1.72,1.27,86.07,901895.0236304174,2579386.111111111,920970.0,2.4629629629629624,1220170.5555555555,54
60min,5,275.0,300.0,300.0,False,500000.0,395,391,4,98.99,2836610.0,2.42,1485765.0,47.04,7181.3,13,1.67,1.91,94.55,852482.9995371308,2491878.1481481483,645260.0,2.4760493827160492,1168502.037037037,81
60min,5,275.0,325.0,275.0,False,500000.0,401,397,4,99.0,1681000.0,1.8,1489140.0,47.78,4192.0,13,1.47,1.13,56.03,1254980.5429684888,2506094.4444444445,1165450.0,2.850493827160494,985700.3086419753,81
60min,5,275.0,325.0,250.0,False,500000.0,416,412,4,99.04,1446920.0,1.72,1502040.0,48.35,3478.2,13,1.38,0.96,48.23,1231199.772869692,2397560.185185185,1165450.0,2.8283333333333336,977003.0555555555,54
60min,5,275.0,325.0,300.0,False,500000.0,390,386,4,98.97,2198250.0,2.04,1495485.0,47.91,5636.5,13,1.57,1.47,73.28,1306136.3393216007,2674240.3703703703,1353800.0,2.834320987654321,1039802.6543209876,81
60min,5,275.0,325.0,325.0,False,500000.0,390,386,4,98.97,2535060.0,2.2,1424965.0,45.57,6500.2,13,1.57,1.78,84.5,1288861.1064852776,2744164.4444444445,1353800.0,2.8033333333333332,1072092.1296296297,54
60min,5,275.0,350.0,300.0,False,500000.0,385,380,5,98.7,1380930.0,1.55,1476205.0,47.72,3586.8,12,1.45,0.94,46.03,1227021.0197434726,2440048.1481481483,1353800.0,2.665185185185185,1013608.9814814815,54
60min,5,275.0,350.0,275.0,False,500000.0,394,390,4,98.98,1729950.0,1.86,1497055.0,48.48,4390.7,12,1.4,1.16,57.67,1131986.149766986,2238205.0,1165450.0,2.6309259259259257,1004353.6111111111,54
60min,5,275.0,350.0,250.0,False,500000.0,409,405,4,99.02,1403790.0,1.7,1531025.0,49.73,3432.2,12,1.3,0.92,46.79,1083627.486925862,2132700.277777778,1165450.0,2.6102777777777773,1001151.25,36
60min,5,275.0,350.0,325.0,False,500000.0,379,374,5,98.68,1648150.0,1.66,1449325.0,46.79,4348.7,12,1.49,1.14,54.94,1259191.8174481497,2524488.3333333335,1353800.0,2.646111111111111,1022624.0277777778,36
60min,5,300.0,275.0,250.0,False,500000.0,375,371,4,98.93,1827530.0,1.91,885885.0,18.15,4873.4,13,1.68,2.06,60.92,908680.1251203828,2083786.6666666667,645260.0,2.46,973424.3055555555,36
60min,5,300.0,275.0,275.0,False,500000.0,370,366,4,98.92,2296770.0,2.15,861765.0,17.92,6207.5,13,1.75,2.67,76.56,906160.7720242767,2189023.888888889,645260.0,2.4966666666666666,1011416.9444444445,54
60min,5,300.0,300.0,250.0,False,500000.0,367,365,2,99.46,2744670.0,3.74,668275.0,20.63,7478.7,13,1.55,4.11,91.49,926834.241083255,2056358.148148148,645260.0,2.552592592592592,955823.9814814815,54
60min,5,300.0,275.0,325.0,False,500000.0,348,342,6,98.28,2242700.0,1.75,1191315.0,35.55,6444.5,13,2.01,1.88,74.76,920967.6117851259,2477862.777777778,920970.0,2.5536111111111115,1168748.888888889,36
60min,5,300.0,275.0,300.0,False,500000.0,353,347,6,98.3,1602330.0,1.53,994740.0,27.24,4539.2,13,1.93,1.61,53.41,873575.0659177431,2391314.074074074,645260.0,2.5498148148148148,1108261.2037037036,54
60min,5,300.0,300.0,300.0,False,500000.0,345,343,2,99.42,3611500.0,4.61,662795.0,18.96,10468.1,13,1.78,5.45,120.38,956065.8316119306,2413482.716049383,645260.0,2.687654320987654,1048248.4567901235,81
60min,5,300.0,300.0,275.0,False,500000.0,357,355,2,99.44,3145150.0,4.14,663545.0,20.04,8809.9,13,1.64,4.74,104.84,941724.4095669177,2177039.3827160494,645260.0,2.60037037037037,983253.3333333334,81
60min,5,300.0,325.0,275.0,False,500000.0,358,356,2,99.44,2600390.0,3.6,643015.0,17.99,7263.7,12,1.5,4.04,86.68,1268228.1739150756,2306154.074074074,1165450.0,2.9506172839506175,915274.7530864198,81
60min,5,300.0,300.0,325.0,False,500000.0,342,340,2,99.42,3995410.0,4.99,662795.0,18.5,11682.5,13,1.83,6.03,133.18,1042375.8886969151,2526345.185185185,920970.0,2.709814814814815,1090250.8333333333,54
60min,5,300.0,325.0,300.0,False,500000.0,344,342,2,99.42,2897790.0,3.64,732945.0,17.84,8423.8,12,1.63,3.95,96.59,1348254.1108379958,2534237.901234568,1353800.0,3.0325925925925925,954062.4074074074,81
60min,5,300.0,325.0,250.0,False,500000.0,365,363,2,99.45,2250830.0,3.25,643765.0,18.16,6166.7,12,1.42,3.5,75.03,1206713.7891815002,2173452.592592593,1165450.0,2.869999999999999,907607.8703703703,54
60min,5,300.0,325.0,325.0,False,500000.0,340,338,2,99.41,3394650.0,4.1,731495.0,18.78,9984.3,12,1.69,4.64,113.16,1367016.8752692016,2630798.888888889,1353800.0,3.0494444444444446,979734.4444444445,54
60min,5,300.0,350.0,250.0,False,500000.0,366,364,2,99.45,2029980.0,3.03,649260.0,20.27,5546.4,11,1.3,3.13,67.67,1067600.5230545574,1943481.111111111,1165450.0,2.680277777777778,928963.4722222222,36
60min,5,300.0,350.0,275.0,False,500000.0,355,353,2,99.44,2384440.0,3.38,633810.0,19.68,6716.7,11,1.38,3.76,79.48,1133343.8244159075,2070797.2222222222,1165450.0,2.7611111111111106,929060.2777777778,54
60min,5,300.0,350.0,300.0,False,500000.0,343,341,2,99.42,2709200.0,3.71,632775.0,19.34,7898.5,11,1.48,4.28,90.31,1238021.2328814322,2288625.5555555555,1353800.0,2.8327777777777783,944902.5,54
60min,5,300.0,350.0,325.0,False,500000.0,334,331,3,99.1,2337150.0,2.56,904725.0,18.91,6997.5,11,1.54,2.58,77.9,1282341.824271115,2390095.277777778,1353800.0,2.8491666666666666,955980.5555555555,36
60min,5,325.0,275.0,250.0,False,500000.0,316,312,4,98.73,1676280.0,1.84,917825.0,23.08,5304.7,13,1.84,1.83,55.88,1327086.787399257,2204989.5833333335,1356860.0,2.700833333333333,805769.1666666666,24
60min,5,325.0,275.0,275.0,False,500000.0,310,306,4,98.71,2000150.0,2.0,896395.0,22.2,6452.1,13,1.91,2.23,66.67,1386250.0879080272,2333773.888888889,1311200.0,2.7844444444444445,809513.0555555555,36
60min,5,325.0,300.0,250.0,False,500000.0,319,317,2,99.37,2077230.0,3.07,659345.0,18.11,6511.7,13,1.56,3.15,69.24,1415841.2860142717,2220363.0555555555,1356860.0,2.8836111111111116,750412.7777777778,36
60min,5,325.0,275.0,300.0,False,500000.0,307,303,4,98.7,2370750.0,2.19,1016440.0,21.55,7722.3,13,1.97,2.33,79.02,1555561.4818911364,2637188.611111111,1311200.0,2.924722222222223,823403.8888888889,36
60min,5,325.0,275.0,325.0,False,500000.0,296,291,5,98.31,2272870.0,1.91,940010.0,20.65,7678.6,13,2.13,2.42,75.76,1572554.3530837698,2747212.0833333335,1311200.0,2.9741666666666666,838275.0,24
60min,5,325.0,300.0,275.0,False,500000.0,307,305,2,99.35,2751880.0,3.75,658595.0,20.33,8963.8,13,1.74,4.18,91.73,1481385.2010522815,2352213.1481481483,1311200.0,2.962777777777777,756128.3333333334,54
60min,5,325.0,325.0,250.0,False,500000.0,311,309,2,99.36,1923370.0,2.92,638115.0,18.28,6184.5,12,1.52,3.01,64.11,1615472.6191418387,2314665.277777778,1566290.0,3.289722222222222,651320.9722222222,36
60min,5,325.0,300.0,325.0,False,500000.0,293,291,2,99.32,3510940.0,4.51,657095.0,18.64,11982.7,13,1.95,5.34,117.03,1685150.4510320537,2775533.888888889,1311200.0,3.1608333333333336,784162.3611111111,36
60min,5,325.0,300.0,300.0,False,500000.0,304,302,2,99.34,3134270.0,4.13,657845.0,19.51,10310.1,13,1.8,4.76,104.48,1656579.3524044054,2656335.0,1311200.0,3.1149999999999998,770175.6481481482,54
60min,5,325.0,325.0,300.0,False,500000.0,300,298,2,99.33,2585170.0,3.58,636615.0,18.06,8617.2,12,1.67,4.06,86.17,1885832.4265685328,2760570.0,1844740.0,3.5622222222222217,679635.1851851852,54
60min,5,325.0,325.0,275.0,False,500000.0,304,302,2,99.34,2220720.0,3.22,637365.0,18.17,7305.0,12,1.59,3.48,74.02,1721234.9697652962,2481930.5555555555,1566290.0,3.4246296296296292,653577.9629629629,54
60min,5,325.0,325.0,325.0,False,500000.0,290,288,2,99.31,2966170.0,3.97,635865.0,17.69,10228.2,12,1.79,4.66,98.87,1959699.167226168,2892215.0,1964080.0,3.6180555555555554,694275.0,36
60min,5,325.0,350.0,250.0,False,500000.0,312,310,2,99.36,1750800.0,2.75,655460.0,20.67,5611.5,11,1.42,2.67,58.36,1530003.808028614,2149397.5,1566290.0,3.1470833333333332,642357.7083333334,24
60min,5,325.0,350.0,275.0,False,500000.0,308,306,2,99.35,2014210.0,3.01,636320.0,19.96,6539.6,11,1.46,3.17,67.14,1623918.7012792171,2294591.111111111,1566290.0,3.258611111111111,645722.7777777778,36
60min,5,325.0,350.0,300.0,False,500000.0,299,297,2,99.33,2296920.0,3.3,633200.0,19.81,7682.0,11,1.52,3.63,76.56,1746780.5178546237,2525144.1666666665,1844740.0,3.3408333333333333,682612.7777777778,36
60min,5,325.0,350.0,325.0,False,500000.0,290,287,3,98.97,1964080.0,2.31,974865.0,20.81,6772.7,11,1.61,2.01,65.47,1796605.7355097237,2631630.8333333335,1964080.0,3.3562499999999997,704486.25,24
60min,6,250.0,275.0,250.0,False,500000.0,438,433,5,98.86,1828560.0,1.73,1075010.0,20.32,4174.8,13,1.65,1.7,60.95,704328.6780423648,2024173.75,645260.0,2.1708333333333334,1172670.0,24
60min,6,250.0,275.0,275.0,False,500000.0,431,425,6,98.61,1859290.0,1.62,1226715.0,35.23,4313.9,13,1.71,1.52,61.98,623031.1685822796,2068036.111111111,645260.0,2.1244444444444444,1278972.7777777778,36
60min,6,250.0,275.0,325.0,False,500000.0,420,413,7,98.33,1961470.0,1.56,1461700.0,45.72,4670.2,13,1.77,1.34,65.38,310138.571614254,2099731.6666666665,920970.0,1.9075,1673658.125,24
60min,6,250.0,275.0,300.0,False,500000.0,428,421,7,98.36,1605680.0,1.46,1488490.0,46.62,3751.6,13,1.73,1.08,53.52,386284.57563386334,2065720.0,645260.0,1.9663888888888887,1545791.388888889,36
60min,6,250.0,300.0,275.0,False,500000.0,427,424,3,99.3,3077440.0,3.05,946545.0,29.92,7207.1,13,1.55,3.25,102.58,604718.5440861443,2005595.3703703703,645260.0,2.1014814814814815,1286242.5925925926,54
60min,6,250.0,300.0,250.0,False,500000.0,435,433,2,99.54,3330700.0,4.33,667855.0,19.41,7656.8,13,1.51,4.99,111.02,639561.8901333202,1911016.111111111,645260.0,2.097222222222222,1215152.9166666667,36
60min,6,250.0,300.0,300.0,False,500000.0,421,418,3,99.29,3457220.0,3.3,890095.0,28.07,8211.9,13,1.59,3.88,115.24,476938.33406552376,2113899.814814815,645260.0,2.047037037037037,1461630.5555555555,54
60min,6,250.0,325.0,250.0,False,500000.0,438,435,3,99.32,2180580.0,2.45,907930.0,29.04,4978.5,12,1.38,2.4,72.69,723283.2020711038,2039219.4444444445,771310.0,2.337222222222222,1201410.4166666667,36
60min,6,250.0,300.0,325.0,False,500000.0,410,406,4,99.02,3212180.0,2.61,1422815.0,44.81,7834.6,13,1.65,2.26,107.07,462803.180186887,2195388.0555555555,920970.0,2.0352777777777775,1544968.4722222222,36
60min,6,250.0,325.0,300.0,False,500000.0,423,420,3,99.29,2960860.0,2.97,905705.0,28.85,6999.7,12,1.47,3.27,98.7,743089.0606339023,2259246.111111111,1058720.0,2.262407407407408,1322422.962962963,54
60min,6,250.0,325.0,275.0,False,500000.0,430,427,3,99.3,2606760.0,2.73,935755.0,29.86,6062.2,12,1.43,2.79,86.89,718586.9374014972,2121838.888888889,771310.0,2.315,1232864.351851852,54
60min,6,250.0,350.0,250.0,False,500000.0,422,420,2,99.53,2635310.0,3.61,649675.0,18.39,6244.8,11,1.31,4.06,87.84,602139.5842052997,1741544.5833333333,771310.0,2.095,1257239.375,24
60min,6,250.0,325.0,325.0,False,500000.0,419,416,3,99.28,3342220.0,3.22,843005.0,26.79,7976.7,12,1.48,3.96,111.41,715741.3064723938,2303695.0,1283740.0,2.205833333333333,1376243.3333333333,36
60min,6,250.0,350.0,275.0,False,500000.0,418,416,2,99.52,2911200.0,3.88,649675.0,17.95,6964.6,11,1.33,4.48,97.04,617944.8195702522,1840250.0,771310.0,2.1,1270868.611111111,36
60min,6,250.0,350.0,300.0,False,500000.0,410,406,4,99.02,1995820.0,1.99,921115.0,28.53,4867.9,11,1.38,2.17,66.53,739599.0184798967,2052040.0,1058720.0,2.1491666666666673,1273905.138888889,36
60min,6,250.0,350.0,325.0,False,500000.0,406,402,4,99.01,2238000.0,2.11,904865.0,27.95,5512.3,11,1.38,2.47,74.6,760825.3372106039,2128451.25,1283740.0,2.1304166666666666,1283830.8333333333,24
60min,6,275.0,275.0,250.0,False,500000.0,383,378,5,98.69,1359900.0,1.54,1082175.0,32.88,3550.7,13,1.7,1.26,45.33,866760.6058015884,2108968.0555555555,645260.0,2.3975,1032891.9444444445,36
60min,6,275.0,275.0,275.0,False,500000.0,376,369,7,98.14,645260.0,1.18,1407080.0,42.37,1716.1,13,1.78,0.46,21.51,802135.9366551915,2155416.8518518517,645260.0,2.377222222222222,1111934.351851852,54
60min,6,275.0,275.0,325.0,False,500000.0,370,362,8,97.84,920970.0,1.23,2102030.0,66.02,2489.1,13,1.86,0.44,30.7,607902.3643167154,2289902.5,920970.0,2.3016666666666667,1410056.9444444445,36
60min,6,275.0,275.0,300.0,False,500000.0,372,365,7,98.12,1196070.0,1.34,1700155.0,50.72,3215.2,13,1.83,0.7,39.87,637206.4413813375,2246464.074074074,645260.0,2.331666666666667,1309356.9444444445,54
60min,6,275.0,300.0,250.0,False,500000.0,379,376,3,99.21,2296960.0,2.53,1166345.0,35.67,6060.6,13,1.55,1.97,76.57,824525.1114579638,2018082.4074074074,645260.0,2.3801851851851854,1048997.6851851852,54
60min,6,275.0,300.0,300.0,False,500000.0,367,363,4,98.91,2468350.0,2.23,1503635.0,47.61,6725.7,13,1.67,1.64,82.28,727141.6269743632,2286293.0864197533,645260.0,2.4466666666666668,1234193.086419753,81
60min,6,275.0,300.0,275.0,False,500000.0,370,367,3,99.19,2673850.0,2.78,1140265.0,34.57,7226.6,13,1.64,2.34,89.13,801758.3503967661,2110440.24691358,645260.0,2.4048148148148147,1102917.9012345679,81
60min,6,275.0,300.0,325.0,False,500000.0,362,357,5,98.62,2212350.0,1.89,2047355.0,64.72,6111.5,13,1.72,1.08,73.75,752728.683461303,2375276.296296296,920970.0,2.4624074074074076,1301275.5555555555,54
60min,6,275.0,325.0,250.0,False,500000.0,382,378,4,98.95,1184340.0,1.59,1502040.0,48.35,3100.4,13,1.41,0.79,39.48,924012.1380776999,2105302.592592593,771310.0,2.636296296296296,1021559.9074074074,54
60min,6,275.0,325.0,275.0,False,500000.0,374,370,4,98.93,1483580.0,1.74,1489140.0,47.78,3966.8,13,1.47,1.0,49.45,940263.0809950144,2217735.925925926,771310.0,2.6758024691358027,1042637.5308641975,81
60min,6,275.0,325.0,300.0,False,500000.0,366,362,4,98.91,1959020.0,1.98,1510635.0,48.39,5352.5,13,1.55,1.3,65.3,1035450.0045782629,2417883.950617284,1058720.0,2.735925925925926,1105239.5061728396,81
60min,6,275.0,325.0,325.0,False,500000.0,366,362,4,98.91,2276380.0,2.14,1440115.0,46.06,6219.6,13,1.55,1.58,75.88,1074278.9091916087,2501761.111111111,1283740.0,2.74425925925926,1143278.3333333333,54
60min,6,275.0,350.0,250.0,False,500000.0,374,370,4,98.93,1165450.0,1.58,1547695.0,50.25,3116.2,12,1.34,0.75,38.85,812081.3397038536,1839247.2222222222,771310.0,2.4072222222222224,1055377.638888889,36
60min,6,275.0,350.0,275.0,False,500000.0,363,359,4,98.9,1472510.0,1.74,1514725.0,49.05,4056.5,12,1.42,0.97,49.08,841290.1142040427,1957431.111111111,771310.0,2.4583333333333335,1065416.111111111,54
60min,6,275.0,350.0,300.0,False,500000.0,359,355,4,98.89,1725150.0,1.86,1494075.0,48.3,4805.4,12,1.45,1.15,57.5,1010032.0169507557,2198267.407407407,1058720.0,2.5709259259259256,1072993.888888889,54
60min,6,275.0,350.0,325.0,False,500000.0,351,346,5,98.58,1353800.0,1.54,1449325.0,46.79,3857.0,12,1.5,0.93,45.13,1061771.9553991684,2297801.388888889,1283740.0,2.594722222222222,1083477.7777777778,36
60min,6,300.0,275.0,250.0,False,500000.0,341,337,4,98.83,1577420.0,1.79,903675.0,19.06,4625.9,13,1.74,1.75,52.58,969628.9374831496,2024587.7777777778,645260.0,2.490555555555556,905692.9166666666,36
60min,6,300.0,275.0,275.0,False,500000.0,337,333,4,98.81,2001700.0,2.0,881155.0,17.96,5939.8,13,1.82,2.27,66.72,945610.1217268915,2122458.5185185187,645260.0,2.532037037037037,964656.0185185185,54
60min,6,300.0,275.0,325.0,False,500000.0,323,317,6,98.14,1919220.0,1.64,1204545.0,36.05,5941.9,13,2.03,1.59,63.97,893899.1572258349,2381975.8333333335,920970.0,2.64,1174477.2222222222,36
60min,6,300.0,275.0,300.0,False,500000.0,327,321,6,98.17,1311200.0,1.44,1017780.0,27.71,4009.8,13,1.96,1.29,43.71,874542.7585931345,2307440.3703703703,645260.0,2.627777777777777,1091850.8333333333,54
60min,6,300.0,300.0,250.0,False,500000.0,336,334,2,99.4,2532390.0,3.53,685295.0,21.2,7536.9,13,1.61,3.7,84.41,929218.683771675,1931690.3703703703,645260.0,2.502962962962963,912533.0555555555,54
60min,6,300.0,325.0,250.0,False,500000.0,335,333,2,99.4,2025550.0,3.02,643765.0,18.2,6046.4,12,1.46,3.15,67.52,980528.519861139,1924350.1851851852,771310.0,2.69,903815.1851851852,54
60min,6,300.0,300.0,275.0,False,500000.0,327,325,2,99.39,2914740.0,3.91,673145.0,20.65,8913.6,13,1.71,4.33,97.16,934942.7924530773,2055615.6790123456,645260.0,2.574320987654321,953494.6913580247,81
60min,6,300.0,325.0,275.0,False,500000.0,328,326,2,99.39,2344730.0,3.34,643015.0,18.03,7148.6,12,1.54,3.65,78.16,1020618.0744539918,2068333.950617284,771310.0,2.7991358024691357,915666.0493827161,81
60min,6,300.0,300.0,300.0,False,500000.0,321,319,2,99.38,3332400.0,4.33,662795.0,19.5,10381.3,13,1.8,5.03,111.08,933227.4364507499,2296422.962962963,645260.0,2.731481481481482,1037348.3333333334,81
60min,6,300.0,325.0,300.0,False,500000.0,319,317,2,99.37,2690400.0,3.69,642265.0,17.88,8433.9,12,1.63,4.19,89.68,1193726.954498476,2333656.7901234566,1058720.0,2.9917283950617284,948600.925925926,81
60min,6,300.0,300.0,325.0,False,500000.0,318,316,2,99.37,3686880.0,4.68,662795.0,19.03,11594.0,13,1.85,5.56,122.9,1004685.7567847198,2409831.296296296,920970.0,2.7877777777777775,1093136.851851852,54
60min,6,300.0,325.0,325.0,False,500000.0,315,313,2,99.37,3179220.0,4.17,647180.0,19.41,10092.8,12,1.7,4.91,105.97,1268846.5653102908,2450435.0,1283740.0,3.066481481481481,973686.574074074,54
60min,6,300.0,350.0,250.0,False,500000.0,333,331,2,99.4,1835350.0,2.83,666280.0,20.83,5511.6,11,1.35,2.75,61.18,873963.3987314529,1680861.9444444445,771310.0,2.4652777777777777,938663.0555555555,36
60min,6,300.0,350.0,275.0,False,500000.0,325,323,2,99.38,2171390.0,3.17,651980.0,20.29,6681.2,11,1.43,3.33,72.38,923560.1636355778,1827320.1851851852,771310.0,2.581481481481481,937682.8703703703,54
60min,6,300.0,350.0,300.0,False,500000.0,315,313,2,99.37,2473360.0,3.47,646540.0,19.98,7851.9,11,1.52,3.83,82.45,1125271.520345253,2094825.9259259258,1058720.0,2.769629629629629,939190.925925926,54
60min,6,300.0,350.0,325.0,False,500000.0,311,309,2,99.36,2718610.0,3.71,635040.0,19.55,8741.5,11,1.56,4.28,90.62,1199499.2697987708,2227785.0,1283740.0,2.8602777777777777,942663.1944444445,36
60min,6,325.0,275.0,250.0,False,500000.0,292,288,4,98.63,1436110.0,1.72,928855.0,23.54,4918.2,13,1.87,1.55,47.87,1341379.4712601756,2113174.1666666665,1436110.0,2.7062500000000003,758725.0,24
60min,6,325.0,275.0,275.0,False,500000.0,287,283,4,98.61,1748680.0,1.87,899415.0,22.69,6093.0,13,1.94,1.94,58.29,1379828.8759729173,2237919.722222222,1311200.0,2.801944444444444,779676.1111111111,36
60min,6,325.0,275.0,300.0,False,500000.0,284,280,4,98.59,2097180.0,2.05,1025520.0,22.06,7384.4,13,2.01,2.04,69.91,1531850.100427669,2544887.5,1311200.0,3.023611111111111,811433.1944444445,36
60min,6,325.0,300.0,250.0,False,500000.0,294,292,2,99.32,1885810.0,2.88,659345.0,18.11,6414.3,13,1.6,2.86,62.86,1360072.141758804,2067758.0555555555,1363500.0,2.7958333333333334,719338.3333333334,36
60min,6,325.0,275.0,325.0,False,500000.0,278,273,5,98.2,1944190.0,1.78,957630.0,21.18,6993.5,13,2.11,2.03,64.81,1542557.5896469243,2650767.0833333335,1311200.0,3.092916666666666,840960.2083333334,24
60min,6,325.0,300.0,325.0,False,500000.0,277,275,2,99.28,3230310.0,4.23,657095.0,19.17,11661.8,13,1.92,4.92,107.68,1645862.1185351233,2656590.0,1311200.0,3.268888888888889,779340.1388888889,36
60min,6,325.0,300.0,275.0,False,500000.0,285,283,2,99.3,2539690.0,3.54,666985.0,20.82,8911.2,13,1.77,3.81,84.66,1418723.3531036752,2204704.814814815,1311200.0,2.908703703703704,734860.0,54
60min,6,325.0,325.0,250.0,False,500000.0,287,285,2,99.3,1728610.0,2.73,638115.0,18.28,6023.0,12,1.54,2.71,57.62,1410533.963271114,2056245.5555555555,1244000.0,3.0536111111111115,658621.9444444445,36
60min,6,325.0,300.0,300.0,False,500000.0,283,281,2,99.29,2905750.0,3.9,657845.0,20.02,10267.7,13,1.82,4.42,96.86,1600344.841386161,2526170.5555555555,1311200.0,3.1679629629629624,757887.6851851852,54
60min,6,325.0,325.0,300.0,False,500000.0,278,276,2,99.28,2349090.0,3.35,636615.0,18.06,8450.0,12,1.69,3.69,78.3,1739610.7478218724,2550730.7407407407,1484500.0,3.511851851851851,666770.4629629629,54
60min,6,325.0,325.0,275.0,False,500000.0,282,280,2,99.29,2013120.0,3.01,637365.0,18.17,7138.7,12,1.62,3.16,67.1,1521785.8678848133,2228394.4444444445,1244000.0,3.221296296296296,657968.425925926,54
60min,6,325.0,325.0,325.0,False,500000.0,272,270,2,99.26,2684780.0,3.68,635865.0,17.69,9870.5,12,1.76,4.22,89.49,1847721.5061011552,2705714.1666666665,1730980.0,3.648611111111111,672073.75,36
60min,6,325.0,350.0,250.0,False,500000.0,288,286,2,99.31,1566290.0,2.57,670260.0,21.14,5438.5,11,1.44,2.34,52.21,1316351.6339732388,1883595.4166666667,1244000.0,2.88125,650943.75,24
60min,6,325.0,350.0,275.0,False,500000.0,285,283,2,99.3,1844740.0,2.84,652120.0,20.46,6472.8,11,1.49,2.83,61.49,1414641.061405104,2035571.6666666667,1244000.0,3.0266666666666664,651158.1944444445,36
60min,6,325.0,350.0,300.0,False,500000.0,277,275,2,99.28,2107210.0,3.11,649900.0,20.33,7607.3,11,1.55,3.24,70.24,1596846.1087485556,2314583.888888889,1484500.0,3.258055555555556,666205.1388888889,36
60min,6,325.0,350.0,325.0,False,500000.0,272,270,2,99.26,2381230.0,3.38,634530.0,19.73,8754.5,11,1.62,3.75,79.37,1691542.5407703726,2454839.5833333335,1730980.0,3.37125,675916.4583333334,24
60min,8,250.0,275.0,250.0,False,500000.0,395,390,5,98.73,1294560.0,1.52,1086925.0,32.66,3277.4,13,1.62,1.19,43.15,774379.7873944476,1919506.25,645260.0,2.2495833333333333,1079450.4166666667,24
60min,8,250.0,275.0,275.0,False,500000.0,390,384,6,98.46,1254020.0,1.42,1742395.0,51.87,3215.4,13,1.67,0.72,41.8,676206.0519088556,1934813.888888889,645260.0,2.164444444444444,1199869.0277777778,36
60min,8,250.0,300.0,250.0,False,500000.0,393,390,3,99.24,2234810.0,2.49,1170275.0,35.41,5686.5,13,1.48,1.91,74.49,681299.5150124421,1763110.8333333333,645260.0,2.1208333333333336,1127817.0833333333,36
60min,8,250.0,275.0,300.0,False,500000.0,388,381,7,98.2,945780.0,1.27,2123800.0,66.69,2437.6,13,1.69,0.45,31.53,422169.34034210263,1892119.7222222222,645260.0,1.9458333333333333,1483939.5833333333,36
60min,8,250.0,275.0,325.0,False,500000.0,382,375,7,98.17,1265020.0,1.36,2096580.0,65.71,3311.6,13,1.73,0.6,42.17,344866.39869857725,1899959.5833333333,920970.0,1.8670833333333334,1618706.0416666667,24
60min,8,250.0,300.0,275.0,False,500000.0,385,381,4,98.96,1944890.0,1.97,1554885.0,49.35,5051.7,13,1.53,1.25,64.83,639149.87198825,1835083.888888889,645260.0,2.0999999999999996,1209333.888888889,54
60min,8,250.0,300.0,300.0,False,500000.0,380,376,4,98.95,2285240.0,2.14,1505465.0,47.69,6013.8,13,1.57,1.52,76.17,511089.1359704092,1921858.148148148,645260.0,2.0212962962962964,1393415.0,54
60min,8,250.0,325.0,250.0,False,500000.0,398,394,4,98.99,1161130.0,1.58,1475660.0,47.37,2917.4,12,1.32,0.79,38.7,746988.4232668888,1812682.2222222222,771310.0,2.320555555555556,1104427.638888889,36
60min,8,250.0,300.0,325.0,False,500000.0,371,366,5,98.65,2008410.0,1.8,2045215.0,64.68,5413.5,13,1.63,0.98,66.95,502465.65789421333,1987548.0555555555,920970.0,2.003888888888889,1479948.75,36
60min,8,250.0,350.0,250.0,False,500000.0,386,383,3,99.22,1650170.0,2.09,1119995.0,34.24,4275.1,12,1.26,1.47,55.01,632269.5654082835,1543920.4166666667,771310.0,2.0733333333333333,1153752.7083333333,24
60min,8,250.0,325.0,300.0,False,500000.0,384,380,4,98.96,1877420.0,1.94,1500635.0,48.01,4889.1,12,1.43,1.25,62.58,759674.4093041917,2002803.7037037036,1058720.0,2.1996296296296296,1244205.8333333333,54
60min,8,250.0,325.0,275.0,False,500000.0,391,387,4,98.98,1557830.0,1.78,1522735.0,48.81,3984.2,12,1.37,1.02,51.93,739716.789257474,1880868.888888889,771310.0,2.270740740740741,1145650.0925925926,54
60min,8,250.0,325.0,325.0,False,500000.0,381,377,4,98.95,2168190.0,2.08,1441515.0,46.04,5690.8,12,1.44,1.5,72.27,722812.9272031327,2046237.5,1283740.0,2.135555555555556,1301339.1666666667,36
60min,8,250.0,350.0,275.0,False,500000.0,380,377,3,99.21,1884470.0,2.25,1110695.0,33.75,4959.1,12,1.29,1.7,62.82,647121.5070604208,1634047.2222222222,771310.0,2.0630555555555556,1178357.638888889,36
60min,8,250.0,350.0,300.0,False,500000.0,374,370,4,98.93,1562370.0,1.78,1476505.0,46.9,4177.5,12,1.34,1.06,52.08,754399.2215080465,1848951.6666666667,1058720.0,2.1241666666666665,1186238.3333333333,36
60min,8,250.0,350.0,325.0,False,500000.0,371,367,4,98.92,1794700.0,1.89,1464715.0,46.45,4837.5,12,1.35,1.23,59.82,779397.0549375374,1927127.5,1283740.0,2.1020833333333333,1202801.6666666667,24
60min,8,275.0,275.0,250.0,False,500000.0,342,338,4,98.83,1516070.0,1.76,1082175.0,33.03,4433.0,13,1.7,1.4,50.54,908765.8905615375,1989150.5555555555,645260.0,2.5738888888888884,962600.0,36
60min,8,275.0,275.0,325.0,False,500000.0,331,325,6,98.19,1557900.0,1.52,2132930.0,67.38,4706.6,13,1.86,0.73,51.93,613419.3147934218,2088693.611111111,920970.0,2.3116666666666665,1376150.4166666667,36
60min,8,275.0,275.0,275.0,False,500000.0,337,332,5,98.52,1323670.0,1.53,1426120.0,43.18,3927.8,13,1.77,0.93,44.12,829826.5240363041,2017225.1851851852,645260.0,2.5311111111111106,1053537.037037037,54
60min,8,275.0,275.0,300.0,False,500000.0,333,328,5,98.5,1844670.0,1.74,1726035.0,51.81,5539.5,13,1.83,1.07,61.49,646609.5812655609,2062483.5185185184,645260.0,2.3779629629629624,1267232.5,54
60min,8,275.0,300.0,250.0,False,500000.0,343,340,3,99.13,1853360.0,2.24,1182785.0,36.33,5403.4,13,1.53,1.57,61.78,841754.9850865892,1869572.5925925926,645260.0,2.535185185185185,985597.5,54
60min,8,275.0,300.0,300.0,False,500000.0,330,326,4,98.79,1916750.0,1.96,1529665.0,48.7,5808.3,13,1.65,1.25,63.89,728163.5021345284,2079903.827160494,645260.0,2.469382716049383,1187168.2098765431,81
60min,8,275.0,300.0,275.0,False,500000.0,333,330,3,99.1,2174080.0,2.45,1164745.0,35.51,6528.8,13,1.61,1.87,72.47,810491.2939449234,1939641.4814814816,645260.0,2.51641975308642,1047010.3086419753,81
60min,8,275.0,325.0,275.0,False,500000.0,338,334,4,98.82,1085710.0,1.54,1497640.0,48.29,3212.2,13,1.44,0.72,36.19,929931.9468926043,1996372.4691358025,771310.0,2.8055555555555554,983532.1604938272,81
60min,8,275.0,325.0,250.0,False,500000.0,346,342,4,98.84,821460.0,1.41,1505060.0,48.63,2374.2,13,1.39,0.55,27.38,918682.8036288747,1904695.9259259258,771310.0,2.8059259259259255,956933.6111111111,54
60min,8,275.0,350.0,250.0,False,500000.0,338,334,4,98.82,771310.0,1.39,1562315.0,50.93,2282.0,12,1.34,0.49,25.71,813687.3070948548,1664197.5,771310.0,2.5630555555555556,986416.25,36
60min,8,275.0,300.0,325.0,False,500000.0,326,321,5,98.47,1617520.0,1.65,2071915.0,65.88,4961.7,13,1.7,0.78,53.92,753863.4000700479,2151124.6296296297,920970.0,2.435925925925926,1258186.6666666667,54
60min,8,275.0,325.0,300.0,False,500000.0,330,326,4,98.79,1542880.0,1.77,1536365.0,49.49,4675.4,13,1.53,1.0,51.43,1027413.3396500613,2165506.4197530863,1058720.0,2.7744444444444447,1050048.4567901234,81
60min,8,275.0,325.0,325.0,False,500000.0,328,324,4,98.78,1849340.0,1.92,1467445.0,47.21,5638.2,13,1.56,1.26,61.64,1027902.5920727216,2234857.037037037,1283740.0,2.7214814814814816,1088580.7407407407,54
60min,8,275.0,350.0,275.0,False,500000.0,330,326,4,98.79,1058720.0,1.53,1531345.0,49.85,3208.2,12,1.4,0.69,35.29,839724.4794993171,1762278.3333333333,771310.0,2.564074074074074,1002247.8703703703,54
60min,8,275.0,350.0,300.0,False,500000.0,323,319,4,98.76,1283740.0,1.64,1511195.0,49.12,3974.4,12,1.45,0.85,42.79,995228.812205829,1988812.037037037,1058720.0,2.6216666666666666,1009421.574074074,54
60min,8,275.0,350.0,325.0,False,500000.0,317,313,4,98.74,1531410.0,1.76,1458745.0,47.37,4830.9,12,1.5,1.05,51.05,1033228.648535522,2076505.0,1283740.0,2.5866666666666664,1021540.6944444445,36
60min,8,300.0,275.0,250.0,False,500000.0,299,296,3,99.0,1671160.0,2.11,727795.0,18.46,5589.2,13,1.75,2.3,55.71,1006492.8801592228,1928922.2222222222,645260.0,2.795833333333333,842069.8611111111,36
60min,8,300.0,275.0,275.0,False,500000.0,295,292,3,98.98,2109490.0,2.41,686145.0,18.26,7150.8,13,1.85,3.07,70.32,978317.2178583598,2014808.888888889,645260.0,2.8275925925925938,902751.0185185185,54
60min,8,300.0,275.0,300.0,False,500000.0,288,284,4,98.61,1940580.0,1.97,944730.0,28.62,6738.1,13,1.96,2.05,64.69,903861.5772326342,2173389.6296296297,645260.0,2.8548148148148154,1032193.7962962963,54
60min,8,300.0,300.0,250.0,False,500000.0,300,298,2,99.33,2089300.0,3.09,706575.0,21.92,6964.3,13,1.59,2.96,69.64,951823.1694206017,1823561.111111111,645260.0,2.814814814814815,850687.3148148148,54
60min,8,300.0,275.0,325.0,False,500000.0,283,279,4,98.59,2502840.0,2.25,1242135.0,37.32,8844.0,13,2.05,2.01,83.43,925398.5579127579,2235791.111111111,920970.0,2.828888888888889,1117912.361111111,36
60min,8,300.0,300.0,300.0,False,500000.0,285,283,2,99.3,2802520.0,3.8,678565.0,20.47,9833.4,13,1.78,4.13,93.42,947257.9692357923,2132890.24691358,645260.0,2.9114814814814816,977775.6790123457,81
60min,8,300.0,300.0,275.0,False,500000.0,292,290,2,99.32,2432360.0,3.43,696775.0,21.43,8330.0,13,1.7,3.49,81.08,954221.7045514123,1929404.5679012346,645260.0,2.8554320987654322,892100.8641975309,81
60min,8,300.0,300.0,325.0,False,500000.0,281,279,2,99.29,3095350.0,4.09,669265.0,20.06,11015.5,13,1.85,4.62,103.18,1019250.7123476078,2224423.1481481483,920970.0,2.898333333333334,1035404.8148148148,54
60min,8,300.0,325.0,250.0,False,500000.0,300,298,2,99.33,1652820.0,2.65,643765.0,18.25,5509.4,12,1.46,2.57,55.09,981906.2645469792,1783731.851851852,771310.0,3.0446296296296302,848448.1481481482,54
60min,8,300.0,325.0,300.0,False,500000.0,283,281,2,99.29,2274920.0,3.27,642265.0,17.95,8038.6,12,1.66,3.54,75.83,1208066.3617127805,2153941.6049382715,1058720.0,3.2659259259259263,885406.975308642,81
60min,8,300.0,325.0,275.0,False,500000.0,293,291,2,99.32,1962870.0,2.96,643015.0,18.08,6699.2,12,1.56,3.05,65.43,1023189.2258209004,1916197.9012345679,771310.0,3.147283950617284,859182.7777777778,81
60min,8,300.0,325.0,325.0,False,500000.0,279,277,2,99.28,2751040.0,3.75,659610.0,19.86,9860.4,12,1.73,4.17,91.7,1255362.0055394091,2257406.296296296,1283740.0,3.286666666666667,906102.4074074074,54
60min,8,300.0,350.0,275.0,False,500000.0,288,286,2,99.31,1731160.0,2.73,672990.0,21.0,6011.0,11,1.44,2.57,57.71,932477.6525919536,1697227.5925925926,771310.0,2.8901851851851856,878781.1111111111,54
60min,8,300.0,350.0,250.0,False,500000.0,296,294,2,99.32,1426320.0,2.42,685190.0,21.48,4818.6,11,1.35,2.08,47.54,880376.2383126424,1560973.888888889,771310.0,2.794166666666667,880473.8888888889,36
60min,8,300.0,350.0,300.0,False,500000.0,281,279,2,99.29,1990780.0,2.99,664560.0,20.6,7084.6,11,1.52,3.0,66.36,1122651.4179350876,1948186.6666666667,1058720.0,3.0151851851851856,870759.8148148148,54
60min,8,300.0,350.0,325.0,False,500000.0,275,273,2,99.27,2220900.0,3.22,653860.0,20.19,8076.0,11,1.57,3.4,74.03,1206125.105716382,2072613.611111111,1283740.0,3.0530555555555554,868595.9722222222,36
60min,8,325.0,275.0,250.0,False,500000.0,258,255,3,98.84,1636470.0,2.09,778635.0,24.24,6342.9,13,1.9,2.1,54.55,1318575.3075872285,2012923.3333333333,1436110.0,3.109166666666667,732360.8333333334,24
60min,8,325.0,275.0,275.0,False,500000.0,254,251,3,98.82,1915870.0,2.28,754115.0,23.33,7542.8,13,1.96,2.54,63.86,1341013.868527658,2119481.6666666665,1311200.0,3.1969444444444446,758198.0555555555,36
60min,8,325.0,275.0,300.0,False,500000.0,251,248,3,98.8,2292720.0,2.53,858870.0,22.73,9134.3,13,2.05,2.67,76.42,1461816.2237661323,2384737.5,1311200.0,3.3302777777777774,799096.1111111111,36
60min,8,325.0,275.0,325.0,False,500000.0,247,244,3,98.79,2632270.0,2.75,816670.0,22.2,10657.0,13,2.12,3.22,87.74,1465709.0538322418,2477916.6666666665,1311200.0,3.353333333333333,835915.0,24
60min,8,325.0,300.0,300.0,False,500000.0,255,253,2,99.22,2447730.0,3.44,681015.0,20.85,9598.9,13,1.8,3.59,81.59,1498109.0563333016,2334494.074074074,1311200.0,3.41,748525.8333333334,54
60min,8,325.0,300.0,250.0,False,500000.0,263,261,2,99.24,1564270.0,2.56,659345.0,18.37,5947.8,13,1.6,2.37,52.14,1316718.4984656326,1957307.5,1363500.0,3.2266666666666666,702417.2222222222,36
60min,8,325.0,300.0,275.0,False,500000.0,256,254,2,99.22,2141060.0,3.14,690515.0,21.59,8363.5,13,1.76,3.1,71.37,1357201.3136325837,2068472.037037037,1311200.0,3.296111111111111,719530.925925926,54
60min,8,325.0,300.0,325.0,False,500000.0,247,245,2,99.19,2736500.0,3.73,662755.0,20.19,11078.9,13,1.91,4.13,91.22,1529276.1295166516,2437796.9444444445,1311200.0,3.412777777777778,773936.5277777778,36
60min,8,325.0,325.0,250.0,False,500000.0,256,254,2,99.22,1363500.0,2.36,638115.0,18.3,5326.2,12,1.57,2.14,45.45,1334464.2275678306,1928582.7777777778,1244000.0,3.571666666666667,658202.2222222222,36
60min,8,325.0,325.0,275.0,False,500000.0,253,251,2,99.21,1636600.0,2.64,637365.0,18.2,6468.8,12,1.63,2.57,54.55,1430611.5617121232,2077987.5925925926,1244000.0,3.7255555555555557,656289.6296296297,54
60min,8,325.0,325.0,300.0,False,500000.0,249,247,2,99.2,1968470.0,2.97,636615.0,18.09,7905.5,12,1.71,3.09,65.62,1630479.9858904781,2356897.222222222,1484500.0,3.9001851851851854,656037.2222222222,54
60min,8,325.0,325.0,325.0,False,500000.0,243,241,2,99.18,2277130.0,3.28,635865.0,17.73,9370.9,12,1.79,3.58,75.9,1725645.3915299675,2485214.722222222,1730980.0,3.9525000000000006,655655.0,36
60min,8,325.0,350.0,250.0,False,500000.0,257,255,2,99.22,1244000.0,2.24,689170.0,21.77,4840.5,11,1.45,1.81,41.47,1254061.015734623,1773891.6666666667,1244000.0,3.37625,650163.3333333334,24
60min,8,325.0,350.0,275.0,False,500000.0,254,252,2,99.21,1484500.0,2.48,673030.0,21.15,5844.5,11,1.5,2.21,49.48,1335842.0744749787,1898567.5,1244000.0,3.476111111111111,648433.8888888889,36
60min,8,325.0,350.0,300.0,False,500000.0,247,245,2,99.19,1730980.0,2.73,664750.0,20.84,7008.0,11,1.57,2.6,57.7,1507737.9103459169,2142648.3333333335,1484500.0,3.593333333333333,649137.3611111111,36
60min,8,325.0,350.0,325.0,False,500000.0,243,241,2,99.18,1966900.0,2.97,654050.0,20.38,8094.2,11,1.63,3.01,65.56,1592888.6859132247,2257496.25,1730980.0,3.611666666666667,649994.7916666666,24
60min,10,250.0,275.0,250.0,False,500000.0,351,348,3,99.15,1902730.0,2.24,698775.0,18.69,5420.9,13,1.58,2.72,63.42,862952.5956361335,1812261.875,1254020.0,2.2018750000000002,1074676.25,16
60min,10,250.0,275.0,300.0,False,500000.0,342,337,5,98.54,1555600.0,1.61,1601540.0,50.57,4548.5,13,1.7,0.97,51.85,447166.4294530718,1784424.1666666667,945780.0,1.9083333333333332,1503539.375,24
60min,10,250.0,275.0,275.0,False,500000.0,343,339,4,98.83,1866360.0,1.92,1297585.0,37.99,5441.3,13,1.67,1.44,62.21,745965.9277979173,1827250.8333333333,945780.0,2.1179166666666664,1204205.0,24
60min,10,250.0,275.0,325.0,False,500000.0,338,333,5,98.52,1831540.0,1.72,1569350.0,49.49,5418.8,13,1.72,1.17,61.05,319749.2378677035,1785296.25,945780.0,1.8243749999999999,1639541.875,16
60min,10,250.0,300.0,250.0,False,500000.0,351,349,2,99.43,2322480.0,3.32,685355.0,20.52,6616.8,13,1.43,3.39,77.42,712772.6746497004,1622698.75,821460.0,2.045,1127273.3333333333,24
60min,10,250.0,300.0,275.0,False,500000.0,343,340,3,99.13,2021270.0,2.35,1016635.0,32.43,5892.9,13,1.49,1.99,67.38,665604.0074245369,1692225.2777777778,821460.0,2.023611111111111,1215512.7777777778,36
60min,10,250.0,300.0,300.0,False,500000.0,339,336,3,99.12,2368330.0,2.58,963515.0,30.7,6986.2,13,1.54,2.46,78.94,532715.8359168556,1773927.5,945780.0,1.9477777777777778,1410643.75,36
60min,10,250.0,300.0,325.0,False,500000.0,332,328,4,98.8,2084080.0,2.04,1497495.0,47.65,6277.3,13,1.61,1.39,69.47,469857.53139540466,1832456.6666666667,945780.0,1.9254166666666663,1498434.1666666667,24
60min,10,250.0,325.0,275.0,False,500000.0,348,345,3,99.14,1697480.0,2.13,993715.0,32.02,4877.8,12,1.35,1.71,56.58,690641.9461328763,1666161.6666666667,771310.0,2.1188888888888893,1153394.4444444445,36
60min,10,250.0,325.0,300.0,False,500000.0,340,337,3,99.12,1991360.0,2.32,967965.0,31.15,5856.9,12,1.42,2.06,66.38,692404.4561400455,1797908.611111111,1058720.0,2.083888888888889,1254951.9444444445,36
60min,10,250.0,325.0,250.0,False,500000.0,353,350,3,99.15,1321870.0,1.88,946570.0,30.53,3744.7,12,1.3,1.4,44.06,695402.9901811534,1593245.0,771310.0,2.1470833333333332,1110072.9166666667,24
60min,10,250.0,350.0,250.0,False,500000.0,341,339,2,99.41,1804730.0,2.8,642260.0,19.22,5292.5,11,1.24,2.81,60.16,553454.4333708098,1338397.5,771310.0,1.9025,1155839.375,16
60min,10,250.0,325.0,325.0,False,500000.0,338,335,3,99.11,2272970.0,2.51,903125.0,29.02,6724.8,12,1.44,2.52,75.77,666422.0173599533,1852633.3333333333,1283740.0,2.0433333333333334,1313144.5833333333,24
60min,10,250.0,350.0,275.0,False,500000.0,338,336,2,99.41,2020900.0,3.02,642260.0,18.84,5979.0,11,1.27,3.15,67.36,585387.4766300884,1439380.0,771310.0,1.9229166666666664,1183029.5833333333,24
60min,10,250.0,350.0,300.0,False,500000.0,332,329,3,99.1,1703580.0,2.14,941465.0,30.08,5131.3,11,1.33,1.81,56.79,697565.668350446,1676540.0,1058720.0,2.02375,1193601.875,24
60min,10,250.0,350.0,325.0,False,500000.0,328,325,3,99.09,1909390.0,2.27,927045.0,29.58,5821.3,11,1.34,2.06,63.65,732502.8529624132,1774988.125,1283740.0,2.04,1212400.0,16
60min,10,275.0,275.0,250.0,False,500000.0,308,305,3,99.03,1622230.0,2.06,741105.0,18.54,5267.0,13,1.65,2.19,54.07,1027058.6847180087,1896300.4166666667,1254020.0,2.61125,949930.8333333334,24
60min,10,275.0,275.0,275.0,False,500000.0,304,300,4,98.68,1393030.0,1.69,971420.0,28.84,4582.3,13,1.73,1.43,46.43,930117.0698150382,1929473.0555555555,945780.0,2.571944444444444,1049244.1666666667,36
60min,10,275.0,275.0,300.0,False,500000.0,300,296,4,98.67,1898600.0,1.94,1273555.0,37.32,6328.7,13,1.82,1.49,63.29,710272.0498170217,1969940.0,945780.0,2.393333333333333,1277540.5555555555,36
60min,10,275.0,275.0,325.0,False,500000.0,298,293,5,98.32,1602240.0,1.63,1591810.0,50.33,5376.6,13,1.86,1.01,53.41,601293.7632186828,1996207.5,945780.0,2.3129166666666663,1390717.7083333333,24
60min,10,275.0,300.0,250.0,False,500000.0,309,307,2,99.35,1988510.0,2.99,695150.0,21.05,6435.3,13,1.49,2.86,66.28,886948.0651804506,1750921.388888889,821460.0,2.5566666666666666,979037.7777777778,36
60min,10,275.0,300.0,275.0,False,500000.0,300,298,2,99.33,2284120.0,3.28,678490.0,20.35,7613.7,13,1.57,3.37,76.14,849208.632807329,1818629.8148148148,821460.0,2.522777777777778,1046469.9074074074,54
60min,10,275.0,300.0,300.0,False,500000.0,298,295,3,98.99,2042860.0,2.36,982525.0,31.31,6855.2,13,1.62,2.08,68.1,786916.9574010695,1947643.888888889,945780.0,2.4405555555555556,1197494.7222222222,54
60min,10,275.0,325.0,250.0,False,500000.0,309,306,3,99.03,1023130.0,1.68,963970.0,31.17,3311.1,12,1.37,1.06,34.1,865115.3172790294,1722520.8333333333,771310.0,2.769722222222222,960924.7222222222,36
60min,10,275.0,300.0,325.0,False,500000.0,295,291,4,98.64,1740200.0,1.87,1521275.0,48.41,5899.0,13,1.67,1.14,58.01,731109.4269253089,2013017.7777777778,945780.0,2.3794444444444443,1271916.25,36
60min,10,275.0,325.0,275.0,False,500000.0,303,300,3,99.01,1279970.0,1.85,954390.0,30.8,4224.3,12,1.43,1.34,42.67,875166.3302737498,1811125.1851851852,771310.0,2.7707407407407407,989039.2592592592,54
60min,10,275.0,325.0,300.0,False,500000.0,296,293,3,98.99,1705850.0,2.14,992835.0,32.01,5763.0,12,1.52,1.72,56.86,948702.9229044602,1971622.2222222222,1058720.0,2.7129629629629637,1058894.9074074074,54
60min,10,275.0,325.0,325.0,False,500000.0,294,291,3,98.98,2006210.0,2.34,919865.0,29.62,6823.8,12,1.56,2.18,66.87,943936.7847166833,2038890.5555555555,1283740.0,2.6408333333333336,1098722.361111111,36
60min,10,275.0,350.0,250.0,False,500000.0,301,298,3,99.0,1023410.0,1.68,1029555.0,33.59,3400.0,11,1.34,0.99,34.11,761003.7132215434,1495598.3333333333,771310.0,2.524583333333333,987887.9166666666,24
60min,10,275.0,350.0,275.0,False,500000.0,295,292,3,98.98,1252070.0,1.83,995265.0,32.43,4244.3,11,1.39,1.26,41.74,793895.871633714,1592824.1666666667,771310.0,2.522777777777778,1005538.1944444445,36
60min,10,275.0,350.0,300.0,False,500000.0,290,287,3,98.97,1463560.0,1.98,972315.0,31.63,5046.8,11,1.44,1.51,48.79,921023.3635308607,1819245.5555555555,1058720.0,2.5588888888888888,1016239.1666666666,36
60min,10,275.0,350.0,325.0,False,500000.0,285,282,3,98.95,1736840.0,2.16,916665.0,29.79,6094.2,11,1.51,1.89,57.89,962081.2836986482,1910055.8333333333,1283740.0,2.51125,1030650.0,24
60min,10,300.0,275.0,250.0,False,500000.0,276,274,2,99.28,1795250.0,2.79,740660.0,14.62,6504.5,12,1.62,2.42,59.84,1189882.0561286416,1909528.75,1323670.0,2.9741666666666666,800865.8333333334,24
60min,10,300.0,275.0,275.0,False,500000.0,270,267,3,98.89,1646250.0,2.1,713260.0,15.9,6097.2,12,1.75,2.31,54.87,1170971.5058130496,1996561.6666666667,1323670.0,3.003611111111111,863530.2777777778,36
60min,10,300.0,275.0,300.0,False,500000.0,265,261,4,98.49,1421890.0,1.71,980025.0,29.8,5365.6,12,1.85,1.45,47.4,1108536.0047777866,2155951.388888889,1323670.0,3.0038888888888886,996423.3333333334,36
60min,10,300.0,300.0,250.0,False,500000.0,278,277,1,99.64,2211890.0,5.41,666530.0,13.43,7956.4,13,1.47,3.32,73.73,1050416.6976498207,1779996.111111111,821460.0,2.9805555555555556,813609.4444444445,36
60min,10,300.0,275.0,325.0,False,500000.0,260,256,4,98.46,1983600.0,1.99,1276330.0,38.38,7629.2,12,1.97,1.55,66.12,1037783.6748407815,2219317.0833333335,1421890.0,2.9625,1085236.0416666667,24
60min,10,300.0,300.0,275.0,False,500000.0,268,267,1,99.63,2559320.0,6.1,665780.0,12.85,9549.7,13,1.61,3.84,85.31,1050771.7761468953,1881108.7037037036,821460.0,3.005185185185186,856587.9629629629,54
60min,10,300.0,300.0,300.0,False,500000.0,261,260,1,99.62,2927000.0,6.84,665030.0,12.19,11214.6,13,1.71,4.4,97.57,1120069.311198556,2074722.2222222222,1085710.0,3.013148148148148,945377.9629629629,54
60min,10,300.0,300.0,325.0,False,500000.0,258,256,2,99.22,2670460.0,3.67,688475.0,20.66,10350.6,13,1.78,3.88,89.02,1103554.5410747968,2159863.611111111,1421890.0,2.9655555555555555,1005555.6944444445,36
60min,10,300.0,325.0,250.0,False,500000.0,275,274,1,99.64,1846280.0,4.69,650500.0,13.96,6713.7,12,1.36,2.84,61.54,967513.8865479043,1684511.6666666667,771310.0,3.196666666666667,821342.2222222222,36
60min,10,300.0,325.0,300.0,False,500000.0,257,255,2,99.22,1830590.0,2.83,649500.0,18.94,7122.9,15,1.6,2.82,61.02,1175048.3984584038,2023641.2962962964,1058720.0,3.3542592592592597,859918.8888888889,54
60min,10,300.0,325.0,275.0,False,500000.0,269,268,1,99.63,2111410.0,5.22,650000.0,13.52,7849.1,12,1.45,3.25,70.38,1007192.2068977172,1805966.6666666667,771310.0,3.2903703703703706,832252.2222222222,54
60min,10,300.0,325.0,325.0,False,500000.0,254,252,2,99.21,2288890.0,3.28,730635.0,22.08,9011.4,15,1.68,3.13,76.3,1213104.8256096859,2115712.5,1283740.0,3.3372222222222216,880997.9166666666,36
60min,10,300.0,350.0,250.0,False,500000.0,272,271,1,99.63,1740230.0,4.47,635460.0,13.73,6397.9,11,1.28,2.74,58.01,853871.8905032584,1473308.3333333333,771310.0,2.9345833333333338,851690.0,24
60min,10,300.0,350.0,275.0,False,500000.0,264,263,1,99.62,2008910.0,5.01,634960.0,13.32,7609.5,11,1.39,3.16,66.96,919140.6706962421,1597511.111111111,771310.0,3.0124999999999997,850490.2777777778,36
60min,10,300.0,350.0,300.0,False,500000.0,258,257,1,99.61,2220260.0,5.43,634460.0,12.91,8605.7,11,1.45,3.5,74.01,1089219.498320829,1832604.4444444445,1058720.0,3.0805555555555553,844738.8888888889,36
60min,10,300.0,350.0,325.0,False,500000.0,251,249,2,99.2,1864150.0,2.86,702310.0,21.66,7426.9,14,1.53,2.65,62.14,1172119.8528813298,1946493.3333333333,1283740.0,3.07625,843640.4166666666,24
60min,10,325.0,275.0,250.0,False,500000.0,241,239,2,99.17,1806910.0,2.8,753540.0,14.73,7497.6,12,1.73,2.4,60.23,1341384.5935525373,1979601.25,1564270.0,3.3362499999999997,704924.375,16
60min,10,325.0,300.0,250.0,False,500000.0,244,243,1,99.59,1722630.0,4.44,660910.0,14.56,7060.0,13,1.46,2.61,57.42,1309780.300344056,1904771.6666666667,1363500.0,3.450833333333333,684453.75,24
60min,10,325.0,275.0,300.0,False,500000.0,230,227,3,98.7,1920290.0,2.28,886885.0,22.67,8349.1,12,1.96,2.17,64.01,1478135.7215523652,2342442.0833333335,1421890.0,3.5216666666666665,783364.7916666666,24
60min,10,325.0,275.0,275.0,False,500000.0,236,234,2,99.15,2109270.0,3.11,718050.0,13.46,8937.6,12,1.83,2.94,70.31,1361542.7339555426,2084094.5833333333,1421890.0,3.422083333333333,734721.6666666666,24
60min,10,325.0,275.0,325.0,False,500000.0,228,225,3,98.68,2216200.0,2.48,847135.0,22.09,9720.2,12,2.03,2.62,73.87,1483494.415289645,2440179.375,1421890.0,3.526875,825997.1875,16
60min,10,325.0,300.0,275.0,False,500000.0,238,237,1,99.58,2262120.0,5.52,660160.0,13.27,9504.7,13,1.62,3.43,75.4,1346128.9115767418,2007303.3333333333,1363500.0,3.4969444444444444,704214.4444444445,36
60min,10,325.0,300.0,300.0,False,500000.0,234,233,1,99.57,2591920.0,6.18,659410.0,12.66,11076.6,13,1.72,3.93,86.4,1475576.3589866695,2254705.5555555555,1421890.0,3.5425,739205.1388888889,36
60min,10,325.0,300.0,325.0,False,500000.0,227,226,1,99.56,2861000.0,6.72,658660.0,12.17,12603.5,13,1.83,4.34,95.37,1501967.1427753028,2351252.9166666665,1421890.0,3.496666666666666,768907.7083333334,24
60min,10,325.0,325.0,250.0,False,500000.0,236,235,1,99.58,1614710.0,4.22,642920.0,14.37,6842.0,12,1.45,2.51,53.82,1273731.4576543677,1834440.4166666667,1244000.0,3.800416666666667,658650.4166666666,24
60min,10,325.0,325.0,275.0,False,500000.0,234,233,1,99.57,1852710.0,4.7,642420.0,13.88,7917.6,12,1.52,2.88,61.76,1361897.4244153202,1970853.0555555555,1244000.0,3.9433333333333334,657111.3888888889,36
60min,10,325.0,325.0,300.0,False,500000.0,229,228,1,99.56,2129770.0,5.25,641920.0,13.31,9300.3,12,1.62,3.32,70.99,1539040.6726172816,2214022.222222222,1484500.0,4.030555555555556,659248.1944444445,36
60min,10,325.0,350.0,250.0,False,500000.0,239,238,1,99.58,1574310.0,4.15,631310.0,14.06,6587.1,11,1.34,2.49,52.48,1198364.725292075,1690226.25,1244000.0,3.5949999999999998,650063.75,16
60min,10,325.0,325.0,325.0,False,500000.0,222,220,2,99.1,1866390.0,2.86,641420.0,18.86,8407.2,15,1.74,2.91,62.21,1618870.8930810452,2322020.4166666665,1730980.0,4.024583333333333,659796.4583333334,24
60min,10,325.0,350.0,275.0,False,500000.0,235,234,1,99.57,1793290.0,4.58,630810.0,13.62,7631.0,11,1.42,2.84,59.78,1274002.1303305607,1799941.25,1244000.0,3.667083333333333,648558.3333333334,24
60min,10,325.0,350.0,300.0,False,500000.0,227,226,1,99.56,2009200.0,5.02,630310.0,13.25,8851.1,11,1.51,3.19,66.97,1424855.9382774206,2007394.1666666667,1484500.0,3.685,652355.4166666666,24
60min,10,325.0,350.0,325.0,False,500000.0,224,223,1,99.55,2205640.0,5.41,629810.0,12.88,9846.6,11,1.55,3.5,73.52,1495029.2743170778,2099750.625,1730980.0,3.6325000000000003,654496.25,16
