timeframe,year,total_trades,win_rate,total_pnl,profit_factor,max_drawdown,max_drawdown_pct,max_nanpin_reached,avg_nanpin_count,return_on_capital
5min,2023,5,100.0,47540.0,999.99,58845.0,1.94,6,1.8,1.58
5min,2024,37,100.0,219530.0,999.99,198715.0,6.54,13,2.35,7.32
5min,2025,41,100.0,661760.0,999.99,407055.0,12.55,15,3.85,22.06
5min,2026,162,98.77,656020.0,2.31,807505.0,21.07,15,3.06,21.87
15min,2023,2,100.0,19040.0,999.99,14880.0,0.5,2,2.0,0.63
15min,2024,29,100.0,239170.0,999.99,128100.0,4.22,10,1.07,7.97
15min,2025,37,100.0,492040.0,999.99,269765.0,7.97,8,1.78,16.4
15min,2026,135,100.0,1285820.0,999.99,295820.0,7.52,9,1.3,42.86
60min,2023,4,100.0,22590.0,999.99,9895.0,0.33,2,0.5,0.75
60min,2024,49,97.96,110580.0,1.22,580600.0,17.82,12,1.84,3.69
60min,2025,60,100.0,844880.0,999.99,224185.0,6.19,9,1.75,28.16
60min,2026,178,99.44,1991340.0,4.98,635865.0,14.98,12,1.81,66.38
