日時,始値,高値,安値,終値,出来高
2024-01-01 09:00:00,40005.0,40025.0,39985.0,39985.0,417
2024-01-01 09:01:00,40005.0,40020.0,39995.0,39995.0,60
2024-01-01 09:02:00,40010.0,40010.0,40000.0,40005.0,275
2024-01-01 09:03:00,40025.0,40045.0,40020.0,40045.0,129
2024-01-01 09:04:00,40025.0,40035.0,39995.0,40030.0,209
2024-01-01 09:05:00,40025.0,40030.0,40010.0,40010.0,414
2024-01-01 09:06:00,40040.0,40055.0,40040.0,40045.0,257
2024-01-01 09:07:00,40050.0,40060.0,40035.0,40035.0,79
2024-01-01 09:08:00,40045.0,40060.0,40035.0,40055.0,350
2024-01-01 09:09:00,40050.0,40060.0,40035.0,40045.0,66
2024-01-01 09:10:00,40045.0,40065.0,40020.0,40045.0,391
2024-01-01 09:11:00,40040.0,40055.0,40030.0,40055.0,48
2024-01-01 09:12:00,40040.0,40070.0,40025.0,40025.0,481
2024-01-01 09:13:00,40020.0,40030.0,40005.0,40005.0,298
2024-01-01 09:14:00,40005.0,40030.0,39995.0,40000.0,452
2024-01-01 09:15:00,40000.0,40010.0,39995.0,40010.0,27
2024-01-01 09:16:00,39990.0,40000.0,39975.0,39975.0,449
2024-01-01 09:17:00,39995.0,40000.0,39965.0,39965.0,229
2024-01-01 09:18:00,39985.0,39990.0,39975.0,39980.0,322
2024-01-01 09:19:00,39970.0,39975.0,39950.0,39975.0,253
2024-01-01 09:20:00,39985.0,39995.0,39985.0,39995.0,361
2024-01-01 09:21:00,39985.0,39995.0,39980.0,39980.0,469
2024-01-01 09:22:00,39985.0,39985.0,39965.0,39980.0,313
2024-01-01 09:23:00,39970.0,40000.0,39950.0,39980.0,307
2024-01-01 09:24:00,39965.0,39990.0,39920.0,39945.0,292
2024-01-01 09:25:00,39965.0,39970.0,39960.0,39960.0,83
2024-01-01 09:26:00,39955.0,39955.0,39930.0,39955.0,119
2024-01-01 09:27:00,39960.0,39965.0,39940.0,39965.0,189
2024-01-01 09:28:00,39955.0,39965.0,39950.0,39950.0,435
2024-01-01 09:29:00,39950.0,39965.0,39945.0,39950.0,41
2024-01-01 09:30:00,39945.0,39950.0,39920.0,39920.0,243
2024-01-01 09:31:00,39965.0,39990.0,39950.0,39960.0,291
2024-01-01 09:32:00,39965.0,39970.0,39960.0,39970.0,34
2024-01-01 09:33:00,39955.0,39965.0,39945.0,39945.0,340
2024-01-01 09:34:00,39965.0,39970.0,39950.0,39965.0,288
2024-01-01 09:35:00,39955.0,39980.0,39915.0,39960.0,235
2024-01-01 09:36:00,39955.0,39975.0,39950.0,39950.0,66
2024-01-01 09:37:00,39935.0,39955.0,39925.0,39935.0,189
2024-01-01 09:38:00,39920.0,39925.0,39910.0,39910.0,241
2024-01-01 09:39:00,39920.0,39935.0,39895.0,39920.0,391
2024-01-01 09:40:00,39925.0,39950.0,39915.0,39930.0,352
2024-01-01 09:41:00,39925.0,39930.0,39920.0,39925.0,486
2024-01-01 09:42:00,39925.0,39940.0,39915.0,39920.0,296
2024-01-01 09:43:00,39920.0,39920.0,39920.0,39920.0,73
2024-01-01 09:44:00,39905.0,39910.0,39895.0,39910.0,464
2024-01-01 09:45:00,39900.0,39915.0,39880.0,39880.0,241
2024-01-01 09:46:00,39895.0,39905.0,39895.0,39905.0,298
2024-01-01 09:47:00,39905.0,39930.0,39900.0,39900.0,222
2024-01-01 09:48:00,39910.0,39930.0,39905.0,39915.0,267
2024-01-01 09:49:00,39890.0,39910.0,39890.0,39900.0,27
2024-01-01 09:50:00,39895.0,39905.0,39880.0,39880.0,184
2024-01-01 09:51:00,39890.0,39895.0,39875.0,39885.0,426
2024-01-01 09:52:00,39885.0,39890.0,39875.0,39880.0,238
2024-01-01 09:53:00,39890.0,39895.0,39880.0,39880.0,235
2024-01-01 09:54:00,39900.0,39915.0,39880.0,39915.0,93
2024-01-01 09:55:00,39910.0,39920.0,39900.0,39900.0,300
2024-01-01 09:56:00,39900.0,39900.0,39895.0,39895.0,444
2024-01-01 09:57:00,39895.0,39915.0,39880.0,39895.0,379
2024-01-01 09:58:00,39900.0,39910.0,39890.0,39890.0,255
2024-01-01 09:59:00,39910.0,39915.0,39905.0,39905.0,411
2024-01-01 10:00:00,39905.0,39915.0,39890.0,39910.0,119
2024-01-01 10:01:00,39905.0,39950.0,39900.0,39900.0,263
2024-01-01 10:02:00,39895.0,39910.0,39890.0,39895.0,97
2024-01-01 10:03:00,39885.0,39910.0,39880.0,39880.0,81
2024-01-01 10:04:00,39895.0,39900.0,39880.0,39880.0,390
2024-01-01 10:05:00,39910.0,39925.0,39900.0,39915.0,39
2024-01-01 10:06:00,39910.0,39930.0,39875.0,39930.0,181
2024-01-01 10:07:00,39920.0,39935.0,39920.0,39920.0,318
2024-01-01 10:08:00,39925.0,39930.0,39905.0,39925.0,403
2024-01-01 10:09:00,39920.0,39925.0,39905.0,39925.0,352
2024-01-01 10:10:00,39925.0,39925.0,39910.0,39910.0,445
2024-01-01 10:11:00,39940.0,39955.0,39920.0,39955.0,186
2024-01-01 10:12:00,39940.0,39940.0,39940.0,39940.0,148
2024-01-01 10:13:00,39955.0,39975.0,39950.0,39970.0,203
2024-01-01 10:14:00,39930.0,39945.0,39920.0,39925.0,195
2024-01-01 10:15:00,39940.0,39960.0,39935.0,39960.0,227
2024-01-01 10:16:00,39940.0,39965.0,39930.0,39950.0,173
2024-01-01 10:17:00,39935.0,39940.0,39915.0,39940.0,170
2024-01-01 10:18:00,39935.0,39960.0,39935.0,39935.0,440
2024-01-01 10:19:00,39915.0,39930.0,39910.0,39915.0,22
2024-01-01 10:20:00,39915.0,39925.0,39915.0,39925.0,305
2024-01-01 10:21:00,39920.0,39925.0,39910.0,39920.0,98
2024-01-01 10:22:00,39935.0,39940.0,39915.0,39915.0,333
2024-01-01 10:23:00,39930.0,39960.0,39895.0,39920.0,51
2024-01-01 10:24:00,39920.0,39925.0,39910.0,39920.0,412
2024-01-01 10:25:00,39915.0,39920.0,39895.0,39920.0,219
2024-01-01 10:26:00,39925.0,39940.0,39915.0,39925.0,238
2024-01-01 10:27:00,39930.0,39940.0,39930.0,39940.0,359
2024-01-01 10:28:00,39925.0,39930.0,39905.0,39905.0,284
2024-01-01 10:29:00,39930.0,39935.0,39910.0,39930.0,451
2024-01-01 10:30:00,39930.0,39930.0,39910.0,39910.0,288
2024-01-01 10:31:00,39940.0,39950.0,39935.0,39950.0,260
2024-01-01 10:32:00,39935.0,39945.0,39925.0,39935.0,319
2024-01-01 10:33:00,39930.0,39935.0,39915.0,39935.0,217
2024-01-01 10:34:00,39925.0,39935.0,39910.0,39915.0,330
2024-01-01 10:35:00,39910.0,39925.0,39910.0,39925.0,149
2024-01-01 10:36:00,39915.0,39925.0,39905.0,39925.0,289
2024-01-01 10:37:00,39920.0,39950.0,39905.0,39925.0,43
2024-01-01 10:38:00,39920.0,39935.0,39895.0,39920.0,318
2024-01-01 10:39:00,39920.0,39925.0,39910.0,39925.0,401
2024-01-01 10:40:00,39905.0,39920.0,39900.0,39900.0,27
2024-01-01 10:41:00,39900.0,39945.0,39885.0,39910.0,66
2024-01-01 10:42:00,39895.0,39925.0,39880.0,39910.0,121
2024-01-01 10:43:00,39885.0,39895.0,39870.0,39895.0,14
2024-01-01 10:44:00,39885.0,39900.0,39865.0,39880.0,419
2024-01-01 10:45:00,39890.0,39905.0,39865.0,39895.0,423
2024-01-01 10:46:00,39910.0,39920.0,39895.0,39895.0,191
2024-01-01 10:47:00,39910.0,39925.0,39900.0,39915.0,22
2024-01-01 10:48:00,39915.0,39925.0,39910.0,39920.0,348
2024-01-01 10:49:00,39915.0,39945.0,39895.0,39895.0,294
2024-01-01 10:50:00,39895.0,39900.0,39885.0,39885.0,268
2024-01-01 10:51:00,39895.0,39900.0,39890.0,39890.0,99
2024-01-01 10:52:00,39895.0,39910.0,39890.0,39890.0,113
2024-01-01 10:53:00,39920.0,39925.0,39905.0,39910.0,388
2024-01-01 10:54:00,39920.0,39925.0,39910.0,39925.0,195
2024-01-01 10:55:00,39925.0,39930.0,39915.0,39930.0,259
2024-01-01 10:56:00,39925.0,39960.0,39920.0,39925.0,264
2024-01-01 10:57:00,39915.0,39915.0,39900.0,39905.0,85
2024-01-01 10:58:00,39925.0,39935.0,39885.0,39935.0,395
2024-01-01 10:59:00,39935.0,39950.0,39930.0,39950.0,468
2024-01-01 11:00:00,39945.0,39960.0,39910.0,39940.0,117
2024-01-01 11:01:00,39935.0,39955.0,39925.0,39930.0,165
2024-01-01 11:02:00,39950.0,39960.0,39950.0,39955.0,91
2024-01-01 11:03:00,39935.0,39950.0,39930.0,39930.0,86
2024-01-01 11:04:00,39940.0,39965.0,39940.0,39940.0,494
2024-01-01 11:05:00,39960.0,39975.0,39950.0,39965.0,479
2024-01-01 11:06:00,39950.0,39955.0,39930.0,39930.0,469
2024-01-01 11:07:00,39945.0,39960.0,39930.0,39960.0,267
2024-01-01 11:08:00,39945.0,39945.0,39935.0,39945.0,136
2024-01-01 11:09:00,39940.0,39945.0,39930.0,39935.0,494
2024-01-01 11:10:00,39925.0,39930.0,39920.0,39925.0,400
2024-01-01 11:11:00,39925.0,39930.0,39925.0,39925.0,291
2024-01-01 11:12:00,39915.0,39940.0,39900.0,39900.0,483
2024-01-01 11:13:00,39920.0,39935.0,39910.0,39935.0,97
2024-01-01 11:14:00,39910.0,39915.0,39905.0,39910.0,213
2024-01-01 11:15:00,39925.0,39940.0,39915.0,39930.0,25
2024-01-01 11:16:00,39915.0,39935.0,39915.0,39925.0,160
2024-01-01 11:17:00,39910.0,39930.0,39885.0,39900.0,433
2024-01-01 11:18:00,39920.0,39930.0,39900.0,39925.0,263
2024-01-01 11:19:00,39910.0,39920.0,39890.0,39905.0,197
2024-01-01 11:20:00,39910.0,39920.0,39910.0,39920.0,338
2024-01-01 11:21:00,39925.0,39945.0,39905.0,39905.0,41
2024-01-01 11:22:00,39910.0,39910.0,39905.0,39910.0,280
2024-01-01 11:23:00,39910.0,39910.0,39905.0,39905.0,494
2024-01-01 11:24:00,39915.0,39920.0,39910.0,39920.0,406
2024-01-01 11:25:00,39925.0,39930.0,39905.0,39930.0,14
2024-01-01 11:26:00,39915.0,39930.0,39890.0,39910.0,468
2024-01-01 11:27:00,39900.0,39920.0,39890.0,39895.0,339
2024-01-01 11:28:00,39905.0,39930.0,39905.0,39905.0,317
2024-01-01 11:29:00,39910.0,39925.0,39885.0,39900.0,342
2024-01-01 11:30:00,39915.0,39930.0,39910.0,39925.0,178
2024-01-01 11:31:00,39920.0,39950.0,39895.0,39915.0,190
2024-01-01 11:32:00,39915.0,39925.0,39885.0,39885.0,375
2024-01-01 11:33:00,39915.0,39935.0,39910.0,39910.0,187
2024-01-01 11:34:00,39920.0,39945.0,39900.0,39910.0,152
2024-01-01 11:35:00,39915.0,39930.0,39900.0,39900.0,371
2024-01-01 11:36:00,39935.0,39945.0,39925.0,39925.0,257
2024-01-01 11:37:00,39940.0,39975.0,39935.0,39940.0,136
2024-01-01 11:38:00,39930.0,39945.0,39910.0,39945.0,272
2024-01-01 11:39:00,39935.0,39940.0,39925.0,39940.0,49
2024-01-01 11:40:00,39925.0,39960.0,39910.0,39920.0,421
2024-01-01 11:41:00,39935.0,39970.0,39930.0,39940.0,425
2024-01-01 11:42:00,39945.0,39965.0,39940.0,39940.0,364
2024-01-01 11:43:00,39935.0,39960.0,39920.0,39930.0,264
2024-01-01 11:44:00,39945.0,39960.0,39920.0,39935.0,152
2024-01-01 11:45:00,39950.0,39985.0,39930.0,39930.0,249
2024-01-01 11:46:00,39960.0,39980.0,39950.0,39955.0,237
2024-01-01 11:47:00,39980.0,39990.0,39960.0,39980.0,350
2024-01-01 11:48:00,39980.0,39990.0,39975.0,39980.0,207
2024-01-01 11:49:00,39970.0,39985.0,39965.0,39965.0,74
2024-01-01 11:50:00,39960.0,39970.0,39945.0,39950.0,397
2024-01-01 11:51:00,39950.0,39955.0,39950.0,39955.0,20
2024-01-01 11:52:00,39950.0,39950.0,39935.0,39935.0,117
2024-01-01 11:53:00,39955.0,39965.0,39955.0,39965.0,35
2024-01-01 11:54:00,39960.0,39970.0,39945.0,39950.0,454
2024-01-01 11:55:00,39970.0,39975.0,39940.0,39960.0,430
2024-01-01 11:56:00,39970.0,39995.0,39945.0,39955.0,160
2024-01-01 11:57:00,39985.0,39985.0,39980.0,39980.0,230
2024-01-01 11:58:00,39980.0,39995.0,39950.0,39990.0,350
2024-01-01 11:59:00,40005.0,40020.0,40005.0,40010.0,246
2024-01-01 12:00:00,40010.0,40020.0,40005.0,40020.0,246
2024-01-01 12:01:00,40000.0,40020.0,39995.0,40005.0,228
2024-01-01 12:02:00,39990.0,40005.0,39980.0,39980.0,496
2024-01-01 12:03:00,39995.0,40020.0,39975.0,39990.0,433
2024-01-01 12:04:00,39995.0,40010.0,39960.0,39985.0,470
2024-01-01 12:05:00,40000.0,40015.0,39975.0,40015.0,160
2024-01-01 12:06:00,40005.0,40020.0,39985.0,39995.0,132
2024-01-01 12:07:00,40005.0,40015.0,40000.0,40015.0,153
2024-01-01 12:08:00,39995.0,40005.0,39990.0,40005.0,487
2024-01-01 12:09:00,39980.0,40000.0,39970.0,40000.0,198
2024-01-01 12:10:00,39975.0,39975.0,39950.0,39970.0,264
2024-01-01 12:11:00,39985.0,40005.0,39980.0,39990.0,77
2024-01-01 12:12:00,39985.0,40010.0,39955.0,40010.0,113
2024-01-01 12:13:00,39975.0,39980.0,39955.0,39970.0,345
2024-01-01 12:14:00,39975.0,40000.0,39960.0,39960.0,168
2024-01-01 12:15:00,39980.0,39985.0,39960.0,39960.0,318
2024-01-01 12:16:00,39970.0,39975.0,39965.0,39975.0,371
2024-01-01 12:17:00,39970.0,39980.0,39950.0,39950.0,418
2024-01-01 12:18:00,39970.0,39975.0,39960.0,39965.0,309
2024-01-01 12:19:00,39960.0,39980.0,39955.0,39965.0,405
2024-01-01 12:20:00,39965.0,39965.0,39940.0,39965.0,99
2024-01-01 12:21:00,39970.0,39975.0,39965.0,39975.0,366
2024-01-01 12:22:00,39980.0,39980.0,39970.0,39980.0,265
2024-01-01 12:23:00,39990.0,40005.0,39970.0,40005.0,362
2024-01-01 12:24:00,39975.0,39975.0,39960.0,39965.0,229
2024-01-01 12:25:00,39965.0,39965.0,39960.0,39960.0,18
2024-01-01 12:26:00,39970.0,39980.0,39950.0,39960.0,21
2024-01-01 12:27:00,39975.0,39985.0,39970.0,39985.0,334
2024-01-01 12:28:00,39980.0,40000.0,39975.0,39990.0,447
2024-01-01 12:29:00,40020.0,40045.0,40020.0,40025.0,253
2024-01-01 12:30:00,40025.0,40045.0,40005.0,40035.0,191
2024-01-01 12:31:00,40035.0,40045.0,40025.0,40025.0,293
2024-01-01 12:32:00,40045.0,40060.0,40030.0,40060.0,321
2024-01-01 12:33:00,40050.0,40065.0,40045.0,40065.0,108
2024-01-01 12:34:00,40045.0,40050.0,40040.0,40050.0,206
2024-01-01 12:35:00,40055.0,40075.0,40050.0,40075.0,491
2024-01-01 12:36:00,40045.0,40055.0,40030.0,40030.0,375
2024-01-01 12:37:00,40045.0,40050.0,40040.0,40040.0,235
2024-01-01 12:38:00,40040.0,40055.0,40010.0,40035.0,342
2024-01-01 12:39:00,40040.0,40070.0,40035.0,40045.0,112
2024-01-01 12:40:00,40065.0,40085.0,40055.0,40055.0,115
2024-01-01 12:41:00,40045.0,40055.0,40035.0,40055.0,374
2024-01-01 12:42:00,40050.0,40065.0,40040.0,40065.0,377
2024-01-01 12:43:00,40035.0,40040.0,40030.0,40040.0,67
2024-01-01 12:44:00,40030.0,40035.0,40020.0,40035.0,87
2024-01-01 12:45:00,40040.0,40040.0,40020.0,40030.0,84
2024-01-01 12:46:00,40040.0,40040.0,40020.0,40030.0,51
2024-01-01 12:47:00,40030.0,40040.0,40020.0,40040.0,431
2024-01-01 12:48:00,40025.0,40040.0,39995.0,40035.0,333
2024-01-01 12:49:00,40030.0,40065.0,40015.0,40030.0,190
2024-01-01 12:50:00,40025.0,40035.0,40015.0,40020.0,42
2024-01-01 12:51:00,40025.0,40045.0,40005.0,40005.0,80
2024-01-01 12:52:00,40025.0,40025.0,39995.0,40015.0,65
2024-01-01 12:53:00,40020.0,40060.0,40005.0,40040.0,114
2024-01-01 12:54:00,40040.0,40050.0,40020.0,40025.0,209
2024-01-01 12:55:00,40045.0,40070.0,40035.0,40045.0,110
2024-01-01 12:56:00,40025.0,40050.0,40025.0,40035.0,265
2024-01-01 12:57:00,40025.0,40035.0,40010.0,40010.0,316
2024-01-01 12:58:00,40020.0,40030.0,40015.0,40020.0,83
2024-01-01 12:59:00,40030.0,40055.0,40020.0,40040.0,180
2024-01-01 13:00:00,40020.0,40025.0,40020.0,40020.0,386
2024-01-01 13:01:00,40020.0,40050.0,40010.0,40050.0,152
2024-01-01 13:02:00,40025.0,40035.0,39995.0,40010.0,175
2024-01-01 13:03:00,40035.0,40050.0,40010.0,40045.0,408
2024-01-01 13:04:00,40025.0,40035.0,40000.0,40025.0,270
2024-01-01 13:05:00,40020.0,40040.0,40020.0,40030.0,230
2024-01-01 13:06:00,40015.0,40020.0,40000.0,40020.0,92
2024-01-01 13:07:00,40010.0,40020.0,39990.0,40005.0,191
2024-01-01 13:08:00,40030.0,40035.0,40025.0,40030.0,316
2024-01-01 13:09:00,40035.0,40060.0,40015.0,40015.0,19
2024-01-01 13:10:00,40020.0,40025.0,40020.0,40025.0,405
2024-01-01 13:11:00,40030.0,40045.0,40005.0,40035.0,13
2024-01-01 13:12:00,40050.0,40080.0,40030.0,40055.0,360
2024-01-01 13:13:00,40060.0,40070.0,40060.0,40070.0,411
2024-01-01 13:14:00,40045.0,40065.0,40025.0,40050.0,345
2024-01-01 13:15:00,40040.0,40060.0,40035.0,40040.0,497
2024-01-01 13:16:00,40055.0,40080.0,40040.0,40045.0,301
2024-01-01 13:17:00,40050.0,40055.0,40045.0,40045.0,290
2024-01-01 13:18:00,40055.0,40065.0,40015.0,40065.0,224
2024-01-01 13:19:00,40065.0,40080.0,40060.0,40080.0,469
2024-01-01 13:20:00,40055.0,40065.0,40050.0,40055.0,107
2024-01-01 13:21:00,40055.0,40055.0,40050.0,40055.0,429
2024-01-01 13:22:00,40025.0,40035.0,40005.0,40015.0,110
2024-01-01 13:23:00,40015.0,40030.0,40000.0,40025.0,460
2024-01-01 13:24:00,40010.0,40015.0,40000.0,40015.0,18
2024-01-01 13:25:00,40000.0,40020.0,39980.0,40020.0,70
2024-01-01 13:26:00,40015.0,40015.0,39990.0,40005.0,318
2024-01-01 13:27:00,40000.0,40015.0,39995.0,39995.0,155
2024-01-01 13:28:00,39995.0,40005.0,39985.0,39995.0,436
2024-01-01 13:29:00,39995.0,40015.0,39995.0,40000.0,428
2024-01-01 13:30:00,40010.0,40025.0,40005.0,40010.0,72
2024-01-01 13:31:00,39995.0,40005.0,39985.0,39985.0,130
2024-01-01 13:32:00,40005.0,40020.0,39995.0,40015.0,235
2024-01-01 13:33:00,40005.0,40010.0,40005.0,40010.0,114
2024-01-01 13:34:00,39995.0,40015.0,39980.0,39985.0,471
2024-01-01 13:35:00,40000.0,40015.0,39985.0,40015.0,269
2024-01-01 13:36:00,40000.0,40035.0,39990.0,40010.0,358
2024-01-01 13:37:00,39995.0,40000.0,39980.0,39995.0,434
2024-01-01 13:38:00,39995.0,40000.0,39985.0,39995.0,264
2024-01-01 13:39:00,39990.0,39995.0,39985.0,39995.0,438
2024-01-01 13:40:00,39990.0,39990.0,39965.0,39980.0,443
2024-01-01 13:41:00,39995.0,39995.0,39985.0,39995.0,216
2024-01-01 13:42:00,40010.0,40020.0,39990.0,39990.0,37
2024-01-01 13:43:00,40000.0,40015.0,39985.0,40010.0,179
2024-01-01 13:44:00,40020.0,40030.0,40005.0,40005.0,345
2024-01-01 13:45:00,40000.0,40020.0,39995.0,40015.0,85
2024-01-01 13:46:00,40000.0,40030.0,39990.0,39995.0,125
2024-01-01 13:47:00,40005.0,40015.0,40000.0,40005.0,78
2024-01-01 13:48:00,40010.0,40025.0,40000.0,40005.0,363
2024-01-01 13:49:00,40005.0,40035.0,39985.0,40000.0,243
2024-01-01 13:50:00,40005.0,40020.0,39980.0,40020.0,10
2024-01-01 13:51:00,40000.0,40035.0,39975.0,39975.0,176
2024-01-01 13:52:00,39995.0,40010.0,39995.0,40010.0,361
2024-01-01 13:53:00,40005.0,40020.0,39995.0,40010.0,227
2024-01-01 13:54:00,40010.0,40010.0,40000.0,40000.0,282
2024-01-01 13:55:00,40005.0,40005.0,39995.0,39995.0,377
2024-01-01 13:56:00,40015.0,40030.0,40010.0,40030.0,260
2024-01-01 13:57:00,40020.0,40025.0,40000.0,40010.0,356
2024-01-01 13:58:00,40030.0,40035.0,40020.0,40020.0,353
2024-01-01 13:59:00,40035.0,40045.0,40010.0,40045.0,428
2024-01-01 14:00:00,40025.0,40035.0,40010.0,40030.0,183
2024-01-01 14:01:00,40020.0,40035.0,40005.0,40010.0,179
2024-01-01 14:02:00,40025.0,40030.0,40020.0,40025.0,255
2024-01-01 14:03:00,40030.0,40040.0,40020.0,40020.0,432
2024-01-01 14:04:00,40030.0,40040.0,40000.0,40040.0,99
2024-01-01 14:05:00,40030.0,40045.0,39985.0,40040.0,58
2024-01-01 14:06:00,40045.0,40050.0,40035.0,40050.0,455
2024-01-01 14:07:00,40040.0,40045.0,40035.0,40045.0,303
2024-01-01 14:08:00,40045.0,40065.0,40035.0,40065.0,416
2024-01-01 14:09:00,40045.0,40050.0,40030.0,40045.0,159
2024-01-01 14:10:00,40045.0,40045.0,40035.0,40035.0,141
2024-01-01 14:11:00,40055.0,40065.0,40030.0,40060.0,442
2024-01-01 14:12:00,40065.0,40085.0,40060.0,40085.0,68
2024-01-01 14:13:00,40075.0,40085.0,40065.0,40065.0,466
2024-01-01 14:14:00,40090.0,40090.0,40080.0,40085.0,333
2024-01-01 14:15:00,40090.0,40110.0,40085.0,40095.0,208
2024-01-01 14:16:00,40095.0,40110.0,40080.0,40095.0,224
2024-01-01 14:17:00,40090.0,40095.0,40080.0,40080.0,395
2024-01-01 14:18:00,40095.0,40105.0,40085.0,40105.0,58
2024-01-01 14:19:00,40095.0,40120.0,40080.0,40120.0,481
2024-01-01 14:20:00,40095.0,40095.0,40090.0,40095.0,241
2024-01-01 14:21:00,40100.0,40110.0,40090.0,40090.0,256
2024-01-01 14:22:00,40090.0,40090.0,40075.0,40075.0,391
2024-01-01 14:23:00,40110.0,40115.0,40085.0,40115.0,488
2024-01-01 14:24:00,40100.0,40110.0,40100.0,40110.0,248
2024-01-01 14:25:00,40090.0,40120.0,40080.0,40095.0,424
2024-01-01 14:26:00,40100.0,40115.0,40085.0,40100.0,376
2024-01-01 14:27:00,40110.0,40110.0,40105.0,40105.0,177
2024-01-01 14:28:00,40115.0,40135.0,40105.0,40105.0,57
2024-01-01 14:29:00,40120.0,40130.0,40105.0,40130.0,60
2024-01-01 14:30:00,40120.0,40145.0,40115.0,40130.0,308
2024-01-01 14:31:00,40110.0,40130.0,40095.0,40095.0,107
2024-01-01 14:32:00,40110.0,40125.0,40085.0,40125.0,448
2024-01-01 14:33:00,40105.0,40125.0,40100.0,40110.0,225
2024-01-01 14:34:00,40115.0,40130.0,40100.0,40130.0,186
2024-01-01 14:35:00,40115.0,40120.0,40100.0,40100.0,389
2024-01-01 14:36:00,40105.0,40115.0,40090.0,40090.0,483
2024-01-01 14:37:00,40100.0,40105.0,40100.0,40100.0,89
2024-01-01 14:38:00,40105.0,40110.0,40105.0,40110.0,194
2024-01-01 14:39:00,40100.0,40120.0,40090.0,40120.0,376
2024-01-01 14:40:00,40090.0,40095.0,40080.0,40095.0,470
2024-01-01 14:41:00,40090.0,40090.0,40085.0,40090.0,408
2024-01-01 14:42:00,40090.0,40095.0,40080.0,40080.0,36
2024-01-01 14:43:00,40085.0,40105.0,40075.0,40095.0,461
2024-01-01 14:44:00,40080.0,40095.0,40050.0,40070.0,473
2024-01-01 14:45:00,40080.0,40100.0,40065.0,40095.0,457
2024-01-01 14:46:00,40065.0,40105.0,40060.0,40060.0,487
2024-01-01 14:47:00,40050.0,40065.0,40035.0,40065.0,423
2024-01-01 14:48:00,40045.0,40065.0,40035.0,40050.0,429
2024-01-01 14:49:00,40045.0,40050.0,40040.0,40045.0,204
2024-01-01 14:50:00,40050.0,40070.0,40035.0,40045.0,223
2024-01-01 14:51:00,40065.0,40090.0,40055.0,40060.0,378
2024-01-01 14:52:00,40075.0,40085.0,40065.0,40080.0,351
2024-01-01 14:53:00,40075.0,40085.0,40055.0,40075.0,123
2024-01-01 14:54:00,40075.0,40085.0,40055.0,40070.0,251
2024-01-01 14:55:00,40065.0,40105.0,40060.0,40065.0,133
2024-01-01 14:56:00,40065.0,40075.0,40060.0,40065.0,314
2024-01-01 14:57:00,40060.0,40065.0,40040.0,40040.0,85
2024-01-01 14:58:00,40065.0,40085.0,40040.0,40070.0,320
2024-01-01 14:59:00,40055.0,40060.0,40045.0,40045.0,478
2024-01-01 15:00:00,40060.0,40060.0,40045.0,40050.0,321
2024-01-01 15:01:00,40075.0,40085.0,40055.0,40060.0,205
2024-01-01 15:02:00,40075.0,40075.0,40050.0,40055.0,360
2024-01-01 15:03:00,40080.0,40095.0,40065.0,40065.0,53
2024-01-01 15:04:00,40085.0,40105.0,40075.0,40080.0,424
2024-01-01 15:05:00,40080.0,40100.0,40055.0,40100.0,195
2024-01-01 15:06:00,40080.0,40080.0,40070.0,40075.0,352
2024-01-01 15:07:00,40080.0,40095.0,40055.0,40080.0,255
2024-01-01 15:08:00,40080.0,40085.0,40065.0,40085.0,446
2024-01-01 15:09:00,40070.0,40085.0,40050.0,40070.0,93
2024-01-01 15:10:00,40070.0,40075.0,40070.0,40070.0,216
2024-01-01 15:11:00,40075.0,40100.0,40065.0,40065.0,160
2024-01-01 15:12:00,40090.0,40110.0,40090.0,40105.0,165
2024-01-01 15:13:00,40100.0,40125.0,40090.0,40120.0,25
2024-01-01 15:14:00,40120.0,40140.0,40105.0,40105.0,174
2024-01-01 15:15:00,40110.0,40115.0,40090.0,40100.0,414
2024-01-01 15:16:00,40120.0,40130.0,40115.0,40115.0,472
2024-01-01 15:17:00,40120.0,40135.0,40100.0,40110.0,154
2024-01-01 15:18:00,40140.0,40150.0,40135.0,40145.0,46
2024-01-01 15:19:00,40130.0,40155.0,40125.0,40125.0,342
2024-01-01 15:20:00,40120.0,40140.0,40105.0,40140.0,412
2024-01-01 15:21:00,40115.0,40125.0,40100.0,40125.0,423
2024-01-01 15:22:00,40095.0,40125.0,40090.0,40095.0,54
2024-01-01 15:23:00,40090.0,40100.0,40090.0,40100.0,411
2024-01-01 15:24:00,40080.0,40090.0,40080.0,40090.0,215
2024-01-01 15:25:00,40080.0,40085.0,40070.0,40075.0,71
2024-01-01 15:26:00,40085.0,40105.0,40075.0,40075.0,429
2024-01-01 15:27:00,40105.0,40130.0,40090.0,40105.0,365
2024-01-01 15:28:00,40115.0,40125.0,40100.0,40125.0,477
2024-01-01 15:29:00,40110.0,40120.0,40095.0,40110.0,317
2024-01-01 15:30:00,40100.0,40105.0,40070.0,40085.0,28
2024-01-01 15:31:00,40105.0,40115.0,40090.0,40095.0,374
2024-01-01 15:32:00,40090.0,40120.0,40070.0,40090.0,309
2024-01-01 15:33:00,40110.0,40110.0,40100.0,40110.0,16
2024-01-01 15:34:00,40120.0,40140.0,40120.0,40140.0,258
2024-01-01 15:35:00,40115.0,40120.0,40095.0,40100.0,437
2024-01-01 15:36:00,40100.0,40120.0,40085.0,40105.0,126
2024-01-01 15:37:00,40115.0,40130.0,40100.0,40130.0,77
2024-01-01 15:38:00,40115.0,40140.0,40110.0,40140.0,43
2024-01-01 15:39:00,40125.0,40135.0,40120.0,40120.0,203
2024-01-01 15:40:00,40110.0,40125.0,40100.0,40115.0,334
2024-01-01 15:41:00,40105.0,40115.0,40100.0,40110.0,64
2024-01-01 15:42:00,40105.0,40125.0,40095.0,40105.0,275
2024-01-01 15:43:00,40105.0,40115.0,40100.0,40105.0,489
2024-01-01 15:44:00,40100.0,40115.0,40075.0,40105.0,51
2024-01-01 15:45:00,40105.0,40115.0,40080.0,40080.0,306
2024-01-01 15:46:00,40095.0,40115.0,40075.0,40100.0,470
2024-01-01 15:47:00,40095.0,40120.0,40085.0,40095.0,240
2024-01-01 15:48:00,40095.0,40100.0,40085.0,40095.0,462
2024-01-01 15:49:00,40100.0,40120.0,40085.0,40120.0,387
2024-01-01 15:50:00,40105.0,40125.0,40095.0,40100.0,403
2024-01-01 15:51:00,40095.0,40105.0,40070.0,40090.0,19
2024-01-01 15:52:00,40080.0,40100.0,40065.0,40100.0,367
2024-01-01 15:53:00,40095.0,40125.0,40080.0,40085.0,484
2024-01-01 15:54:00,40100.0,40110.0,40085.0,40095.0,453
2024-01-01 15:55:00,40095.0,40110.0,40090.0,40095.0,137
2024-01-01 15:56:00,40110.0,40120.0,40100.0,40120.0,188
2024-01-01 15:57:00,40110.0,40115.0,40105.0,40110.0,414
2024-01-01 15:58:00,40120.0,40145.0,40105.0,40105.0,401
2024-01-01 15:59:00,40120.0,40130.0,40100.0,40115.0,202
2024-01-01 16:00:00,40140.0,40150.0,40125.0,40135.0,101
2024-01-01 16:01:00,40160.0,40175.0,40140.0,40160.0,378
2024-01-01 16:02:00,40160.0,40165.0,40155.0,40165.0,240
2024-01-01 16:03:00,40170.0,40185.0,40170.0,40175.0,87
2024-01-01 16:04:00,40175.0,40190.0,40150.0,40155.0,94
2024-01-01 16:05:00,40190.0,40220.0,40180.0,40200.0,39
2024-01-01 16:06:00,40180.0,40210.0,40170.0,40185.0,222
2024-01-01 16:07:00,40185.0,40200.0,40185.0,40200.0,58
2024-01-01 16:08:00,40195.0,40200.0,40180.0,40200.0,274
2024-01-01 16:09:00,40175.0,40185.0,40170.0,40185.0,154
2024-01-01 16:10:00,40165.0,40170.0,40155.0,40170.0,78
2024-01-01 16:11:00,40145.0,40160.0,40130.0,40160.0,67
2024-01-01 16:12:00,40140.0,40155.0,40140.0,40145.0,194
2024-01-01 16:13:00,40145.0,40155.0,40140.0,40145.0,71
2024-01-01 16:14:00,40160.0,40185.0,40155.0,40185.0,488
2024-01-01 16:15:00,40160.0,40170.0,40155.0,40170.0,317
2024-01-01 16:16:00,40175.0,40180.0,40175.0,40180.0,454
2024-01-01 16:17:00,40160.0,40185.0,40145.0,40145.0,305
2024-01-01 16:18:00,40145.0,40150.0,40130.0,40130.0,175
2024-01-01 16:19:00,40145.0,40155.0,40120.0,40150.0,180
2024-01-01 16:20:00,40150.0,40160.0,40125.0,40150.0,72
2024-01-01 16:21:00,40150.0,40170.0,40130.0,40145.0,156
2024-01-01 16:22:00,40130.0,40135.0,40110.0,40130.0,493
2024-01-01 16:23:00,40130.0,40150.0,40120.0,40145.0,315
2024-01-01 16:24:00,40115.0,40120.0,40105.0,40120.0,170
2024-01-01 16:25:00,40120.0,40130.0,40110.0,40110.0,150
2024-01-01 16:26:00,40125.0,40135.0,40120.0,40125.0,343
2024-01-01 16:27:00,40115.0,40125.0,40105.0,40105.0,106
2024-01-01 16:28:00,40110.0,40130.0,40100.0,40105.0,455
2024-01-01 16:29:00,40100.0,40100.0,40090.0,40095.0,230
2024-01-01 16:30:00,40100.0,40105.0,40085.0,40095.0,52
2024-01-01 16:31:00,40110.0,40135.0,40095.0,40095.0,442
2024-01-01 16:32:00,40100.0,40105.0,40100.0,40100.0,301
2024-01-01 16:33:00,40105.0,40145.0,40095.0,40100.0,387
2024-01-01 16:34:00,40100.0,40110.0,40070.0,40070.0,117
2024-01-01 16:35:00,40090.0,40115.0,40070.0,40110.0,275
2024-01-01 16:36:00,40090.0,40100.0,40080.0,40100.0,104
2024-01-01 16:37:00,40080.0,40085.0,40075.0,40075.0,271
2024-01-01 16:38:00,40075.0,40095.0,40070.0,40075.0,322
2024-01-01 16:39:00,40065.0,40075.0,40055.0,40055.0,394
2024-01-01 16:40:00,40085.0,40100.0,40085.0,40100.0,80
2024-01-01 16:41:00,40085.0,40105.0,40075.0,40105.0,451
2024-01-01 16:42:00,40080.0,40085.0,40075.0,40080.0,228
2024-01-01 16:43:00,40080.0,40095.0,40060.0,40090.0,30
2024-01-01 16:44:00,40080.0,40090.0,40065.0,40080.0,101
2024-01-01 16:45:00,40080.0,40090.0,40065.0,40065.0,136
2024-01-01 16:46:00,40085.0,40110.0,40075.0,40080.0,89
2024-01-01 16:47:00,40095.0,40100.0,40095.0,40095.0,321
2024-01-01 16:48:00,40090.0,40110.0,40080.0,40085.0,247
2024-01-01 16:49:00,40085.0,40090.0,40080.0,40085.0,480
2024-01-01 16:50:00,40080.0,40100.0,40065.0,40080.0,381
2024-01-01 16:51:00,40055.0,40065.0,40020.0,40055.0,413
2024-01-01 16:52:00,40040.0,40040.0,40030.0,40040.0,495
2024-01-01 16:53:00,40055.0,40055.0,40035.0,40045.0,191
2024-01-01 16:54:00,40070.0,40080.0,40065.0,40065.0,34
2024-01-01 16:55:00,40070.0,40080.0,40055.0,40055.0,165
2024-01-01 16:56:00,40075.0,40085.0,40070.0,40085.0,14
2024-01-01 16:57:00,40080.0,40085.0,40060.0,40060.0,129
2024-01-01 16:58:00,40110.0,40125.0,40090.0,40120.0,286
2024-01-01 16:59:00,40120.0,40135.0,40110.0,40135.0,27
2024-01-01 17:00:00,40120.0,40130.0,40110.0,40115.0,440
2024-01-01 17:01:00,40110.0,40115.0,40085.0,40085.0,207
2024-01-01 17:02:00,40095.0,40120.0,40065.0,40090.0,66
2024-01-01 17:03:00,40095.0,40100.0,40085.0,40095.0,102
2024-01-01 17:04:00,40085.0,40090.0,40075.0,40075.0,28
2024-01-01 17:05:00,40070.0,40085.0,40055.0,40065.0,393
2024-01-01 17:06:00,40065.0,40085.0,40060.0,40080.0,362
2024-01-01 17:07:00,40055.0,40080.0,40055.0,40060.0,202
2024-01-01 17:08:00,40070.0,40095.0,40060.0,40060.0,246
2024-01-01 17:09:00,40080.0,40100.0,40050.0,40065.0,396
2024-01-01 17:10:00,40080.0,40090.0,40075.0,40075.0,435
2024-01-01 17:11:00,40095.0,40135.0,40085.0,40095.0,286
2024-01-01 17:12:00,40095.0,40105.0,40090.0,40100.0,236
2024-01-01 17:13:00,40085.0,40090.0,40065.0,40080.0,242
2024-01-01 17:14:00,40100.0,40125.0,40080.0,40105.0,49
2024-01-01 17:15:00,40105.0,40135.0,40095.0,40125.0,332
2024-01-01 17:16:00,40095.0,40125.0,40090.0,40105.0,162
2024-01-01 17:17:00,40095.0,40115.0,40090.0,40095.0,136
2024-01-01 17:18:00,40085.0,40100.0,40075.0,40085.0,246
2024-01-01 17:19:00,40070.0,40080.0,40065.0,40065.0,495
2024-01-01 17:20:00,40080.0,40090.0,40070.0,40090.0,64
2024-01-01 17:21:00,40100.0,40110.0,40085.0,40095.0,477
2024-01-01 17:22:00,40085.0,40095.0,40080.0,40085.0,445
2024-01-01 17:23:00,40090.0,40090.0,40080.0,40090.0,181
2024-01-01 17:24:00,40085.0,40090.0,40070.0,40080.0,118
2024-01-01 17:25:00,40080.0,40085.0,40065.0,40065.0,363
2024-01-01 17:26:00,40075.0,40085.0,40030.0,40080.0,478
2024-01-01 17:27:00,40065.0,40080.0,40045.0,40065.0,193
2024-01-01 17:28:00,40065.0,40070.0,40045.0,40070.0,448
2024-01-01 17:29:00,40055.0,40075.0,40035.0,40050.0,377
2024-01-01 17:30:00,40060.0,40075.0,40055.0,40070.0,480
2024-01-01 17:31:00,40060.0,40065.0,40050.0,40050.0,207
2024-01-01 17:32:00,40060.0,40075.0,40050.0,40075.0,380
2024-01-01 17:33:00,40050.0,40080.0,40035.0,40035.0,382
2024-01-01 17:34:00,40045.0,40050.0,40045.0,40050.0,470
2024-01-01 17:35:00,40055.0,40060.0,40050.0,40060.0,96
2024-01-01 17:36:00,40060.0,40085.0,40050.0,40050.0,210
2024-01-01 17:37:00,40050.0,40060.0,40015.0,40055.0,346
2024-01-01 17:38:00,40050.0,40065.0,40045.0,40065.0,331
2024-01-01 17:39:00,40060.0,40090.0,40040.0,40040.0,284
2024-01-01 17:40:00,40045.0,40065.0,40040.0,40050.0,220
2024-01-01 17:41:00,40050.0,40060.0,40005.0,40025.0,400
2024-01-01 17:42:00,40045.0,40050.0,40035.0,40035.0,127
2024-01-01 17:43:00,40050.0,40065.0,40045.0,40065.0,200
2024-01-01 17:44:00,40040.0,40045.0,40025.0,40035.0,51
2024-01-01 17:45:00,40020.0,40035.0,40010.0,40010.0,51
2024-01-01 17:46:00,40005.0,40035.0,40000.0,40005.0,324
2024-01-01 17:47:00,40005.0,40030.0,39995.0,40025.0,285
2024-01-01 17:48:00,40010.0,40015.0,39980.0,39990.0,338
2024-01-01 17:49:00,40000.0,40015.0,39985.0,39990.0,26
2024-01-01 17:50:00,40005.0,40020.0,40000.0,40020.0,292
2024-01-01 17:51:00,39990.0,40015.0,39975.0,40010.0,440
2024-01-01 17:52:00,39990.0,39995.0,39980.0,39990.0,267
2024-01-01 17:53:00,39980.0,39980.0,39965.0,39970.0,72
2024-01-01 17:54:00,39975.0,39995.0,39970.0,39995.0,71
2024-01-01 17:55:00,39975.0,40000.0,39970.0,39990.0,109
2024-01-01 17:56:00,39965.0,39975.0,39950.0,39970.0,28
2024-01-01 17:57:00,39960.0,39970.0,39945.0,39950.0,26
2024-01-01 17:58:00,39970.0,39990.0,39950.0,39970.0,334
2024-01-01 17:59:00,39965.0,40010.0,39965.0,39965.0,432
2024-01-01 18:00:00,39975.0,39980.0,39965.0,39980.0,475
2024-01-01 18:01:00,39965.0,39990.0,39945.0,39980.0,382
2024-01-01 18:02:00,39970.0,39995.0,39965.0,39980.0,255
2024-01-01 18:03:00,39985.0,39990.0,39975.0,39975.0,260
2024-01-01 18:04:00,39960.0,39975.0,39925.0,39975.0,464
2024-01-01 18:05:00,39950.0,39955.0,39945.0,39955.0,90
2024-01-01 18:06:00,39955.0,39970.0,39935.0,39960.0,48
2024-01-01 18:07:00,39955.0,39970.0,39945.0,39970.0,45
2024-01-01 18:08:00,39960.0,39970.0,39945.0,39950.0,433
2024-01-01 18:09:00,39955.0,39975.0,39925.0,39955.0,438
2024-01-01 18:10:00,39955.0,39955.0,39930.0,39950.0,397
2024-01-01 18:11:00,39955.0,39960.0,39925.0,39940.0,495
2024-01-01 18:12:00,39965.0,39980.0,39935.0,39970.0,418
2024-01-01 18:13:00,39970.0,39995.0,39965.0,39995.0,206
2024-01-01 18:14:00,39975.0,39980.0,39955.0,39955.0,167
2024-01-01 18:15:00,39970.0,39975.0,39960.0,39970.0,213
2024-01-01 18:16:00,39965.0,39980.0,39925.0,39970.0,205
2024-01-01 18:17:00,39960.0,39970.0,39960.0,39960.0,225
2024-01-01 18:18:00,39965.0,39985.0,39960.0,39965.0,294
2024-01-01 18:19:00,39960.0,39965.0,39945.0,39945.0,466
2024-01-01 18:20:00,39965.0,39965.0,39950.0,39965.0,205
2024-01-01 18:21:00,39985.0,39995.0,39975.0,39975.0,316
2024-01-01 18:22:00,39995.0,40030.0,39975.0,39975.0,161
2024-01-01 18:23:00,39990.0,40005.0,39985.0,40000.0,23
2024-01-01 18:24:00,40000.0,40010.0,39985.0,40010.0,334
2024-01-01 18:25:00,39995.0,40000.0,39990.0,39995.0,155
2024-01-01 18:26:00,39975.0,39975.0,39960.0,39975.0,435
2024-01-01 18:27:00,39965.0,39975.0,39955.0,39975.0,66
2024-01-01 18:28:00,39945.0,39970.0,39930.0,39945.0,220
2024-01-01 18:29:00,39940.0,39950.0,39935.0,39950.0,277
2024-01-01 18:30:00,39940.0,39950.0,39935.0,39935.0,219
2024-01-01 18:31:00,39955.0,39975.0,39935.0,39970.0,26
2024-01-01 18:32:00,39960.0,39965.0,39955.0,39965.0,295
2024-01-01 18:33:00,39960.0,39980.0,39960.0,39960.0,353
2024-01-01 18:34:00,39970.0,39975.0,39930.0,39955.0,212
2024-01-01 18:35:00,39950.0,39955.0,39935.0,39955.0,108
2024-01-01 18:36:00,39950.0,39975.0,39930.0,39940.0,288
2024-01-01 18:37:00,39960.0,39975.0,39945.0,39955.0,218
2024-01-01 18:38:00,39945.0,39955.0,39935.0,39935.0,138
2024-01-01 18:39:00,39955.0,39965.0,39930.0,39945.0,344
2024-01-01 18:40:00,39960.0,39980.0,39955.0,39980.0,297
2024-01-01 18:41:00,39955.0,39970.0,39950.0,39970.0,261
2024-01-01 18:42:00,39960.0,39980.0,39960.0,39980.0,274
2024-01-01 18:43:00,39985.0,39985.0,39965.0,39975.0,280
2024-01-01 18:44:00,39985.0,39990.0,39970.0,39985.0,421
2024-01-01 18:45:00,39985.0,39995.0,39970.0,39970.0,417
2024-01-01 18:46:00,39980.0,39985.0,39960.0,39975.0,197
2024-01-01 18:47:00,39970.0,39975.0,39960.0,39960.0,428
2024-01-01 18:48:00,39980.0,39990.0,39970.0,39990.0,223
2024-01-01 18:49:00,39970.0,39970.0,39965.0,39965.0,292
2024-01-01 18:50:00,39970.0,39985.0,39950.0,39980.0,220
2024-01-01 18:51:00,39965.0,40010.0,39960.0,39970.0,374
2024-01-01 18:52:00,39970.0,39995.0,39970.0,39995.0,85
2024-01-01 18:53:00,39975.0,39990.0,39960.0,39960.0,157
2024-01-01 18:54:00,39985.0,40020.0,39970.0,40000.0,330
2024-01-01 18:55:00,39980.0,39995.0,39945.0,39990.0,222
2024-01-01 18:56:00,39975.0,39985.0,39965.0,39965.0,442
2024-01-01 18:57:00,39965.0,39995.0,39960.0,39975.0,118
2024-01-01 18:58:00,39960.0,39965.0,39940.0,39965.0,138
2024-01-01 18:59:00,39965.0,39975.0,39960.0,39965.0,19
2024-01-01 19:00:00,39975.0,39980.0,39945.0,39965.0,56
2024-01-01 19:01:00,39965.0,39985.0,39955.0,39960.0,388
2024-01-01 19:02:00,39975.0,39995.0,39965.0,39995.0,324
2024-01-01 19:03:00,39990.0,40000.0,39970.0,39990.0,105
2024-01-01 19:04:00,39995.0,40005.0,39985.0,40005.0,455
2024-01-01 19:05:00,40015.0,40030.0,40005.0,40005.0,112
2024-01-01 19:06:00,40005.0,40005.0,39995.0,39995.0,389
2024-01-01 19:07:00,39995.0,40020.0,39960.0,40005.0,351
2024-01-01 19:08:00,39975.0,39980.0,39960.0,39960.0,155
2024-01-01 19:09:00,39990.0,39995.0,39970.0,39985.0,377
2024-01-01 19:10:00,39995.0,40000.0,39985.0,39995.0,439
2024-01-01 19:11:00,39995.0,40020.0,39980.0,39995.0,425
2024-01-01 19:12:00,40000.0,40015.0,39995.0,40000.0,36
2024-01-01 19:13:00,39990.0,39995.0,39990.0,39995.0,229
2024-01-01 19:14:00,40015.0,40020.0,40005.0,40020.0,27
2024-01-01 19:15:00,40015.0,40065.0,40005.0,40020.0,176
2024-01-01 19:16:00,40015.0,40020.0,40005.0,40005.0,442
2024-01-01 19:17:00,40020.0,40030.0,40015.0,40015.0,486
2024-01-01 19:18:00,40025.0,40035.0,40020.0,40035.0,91
2024-01-01 19:19:00,40025.0,40040.0,40005.0,40035.0,437
2024-01-01 19:20:00,40015.0,40015.0,40000.0,40000.0,81
2024-01-01 19:21:00,40020.0,40040.0,40010.0,40025.0,319
2024-01-01 19:22:00,40040.0,40055.0,40020.0,40020.0,488
2024-01-01 19:23:00,40055.0,40065.0,40035.0,40055.0,263
2024-01-01 19:24:00,40070.0,40100.0,40065.0,40090.0,171
2024-01-01 19:25:00,40065.0,40080.0,40050.0,40055.0,336
2024-01-01 19:26:00,40055.0,40060.0,40035.0,40045.0,429
2024-01-01 19:27:00,40055.0,40075.0,40045.0,40065.0,411
2024-01-01 19:28:00,40055.0,40055.0,40040.0,40040.0,47
2024-01-01 19:29:00,40065.0,40080.0,40060.0,40060.0,452
2024-01-01 19:30:00,40050.0,40055.0,40045.0,40055.0,402
2024-01-01 19:31:00,40065.0,40080.0,40060.0,40060.0,210
2024-01-01 19:32:00,40065.0,40075.0,40060.0,40065.0,209
2024-01-01 19:33:00,40060.0,40075.0,40055.0,40065.0,264
2024-01-01 19:34:00,40050.0,40055.0,40025.0,40055.0,188
2024-01-01 19:35:00,40035.0,40040.0,40020.0,40040.0,44
2024-01-01 19:36:00,40045.0,40060.0,40040.0,40040.0,91
2024-01-01 19:37:00,40045.0,40050.0,40030.0,40050.0,398
2024-01-01 19:38:00,40030.0,40060.0,40015.0,40030.0,407
2024-01-01 19:39:00,40015.0,40030.0,40010.0,40020.0,229
2024-01-01 19:40:00,40010.0,40010.0,39985.0,40005.0,167
2024-01-01 19:41:00,40025.0,40045.0,40020.0,40025.0,13
2024-01-01 19:42:00,40020.0,40020.0,40005.0,40010.0,176
2024-01-01 19:43:00,40005.0,40010.0,39995.0,40005.0,477
2024-01-01 19:44:00,40005.0,40020.0,39990.0,39995.0,457
2024-01-01 19:45:00,40000.0,40005.0,39990.0,39990.0,418
2024-01-01 19:46:00,39975.0,39980.0,39970.0,39980.0,421
2024-01-01 19:47:00,39975.0,39990.0,39955.0,39975.0,213
2024-01-01 19:48:00,39975.0,39995.0,39975.0,39985.0,203
2024-01-01 19:49:00,39980.0,40020.0,39965.0,39975.0,244
2024-01-01 19:50:00,40000.0,40010.0,39985.0,40005.0,215
2024-01-01 19:51:00,40010.0,40015.0,39985.0,40015.0,159
2024-01-01 19:52:00,40005.0,40010.0,39995.0,40010.0,168
2024-01-01 19:53:00,39995.0,40000.0,39980.0,39985.0,288
2024-01-01 19:54:00,40020.0,40025.0,40010.0,40020.0,313
2024-01-01 19:55:00,40020.0,40025.0,40005.0,40025.0,413
2024-01-01 19:56:00,40020.0,40025.0,40005.0,40020.0,390
2024-01-01 19:57:00,40020.0,40040.0,40000.0,40000.0,175
2024-01-01 19:58:00,40020.0,40035.0,40015.0,40020.0,320
2024-01-01 19:59:00,40020.0,40040.0,40010.0,40040.0,77
2024-01-01 20:00:00,40015.0,40035.0,39995.0,40010.0,472
2024-01-01 20:01:00,40010.0,40010.0,39995.0,40005.0,97
2024-01-01 20:02:00,40010.0,40040.0,40000.0,40015.0,226
2024-01-01 20:03:00,40005.0,40015.0,39990.0,40010.0,10
2024-01-01 20:04:00,40000.0,40020.0,39995.0,40010.0,144
2024-01-01 20:05:00,40000.0,40000.0,39980.0,39985.0,194
2024-01-01 20:06:00,39995.0,40010.0,39980.0,40000.0,360
2024-01-01 20:07:00,40010.0,40020.0,39990.0,40015.0,149
2024-01-01 20:08:00,39985.0,40000.0,39975.0,39985.0,115
2024-01-01 20:09:00,39995.0,40005.0,39985.0,40000.0,142
2024-01-01 20:10:00,40005.0,40015.0,39995.0,40015.0,117
2024-01-01 20:11:00,39985.0,39995.0,39975.0,39995.0,187
2024-01-01 20:12:00,39980.0,39985.0,39970.0,39970.0,307
2024-01-01 20:13:00,39975.0,39990.0,39965.0,39985.0,367
2024-01-01 20:14:00,39960.0,39985.0,39945.0,39960.0,389
2024-01-01 20:15:00,39950.0,39955.0,39920.0,39950.0,405
2024-01-01 20:16:00,39940.0,39960.0,39935.0,39940.0,368
2024-01-01 20:17:00,39960.0,39985.0,39935.0,39960.0,155
2024-01-01 20:18:00,39970.0,39985.0,39970.0,39980.0,459
2024-01-01 20:19:00,39985.0,39990.0,39980.0,39985.0,83
2024-01-01 20:20:00,39990.0,39995.0,39980.0,39980.0,472
2024-01-01 20:21:00,39980.0,39980.0,39975.0,39975.0,487
2024-01-01 20:22:00,39975.0,39990.0,39970.0,39975.0,117
2024-01-01 20:23:00,39980.0,39990.0,39970.0,39990.0,131
2024-01-01 20:24:00,39970.0,39990.0,39965.0,39975.0,26
2024-01-01 20:25:00,39975.0,39995.0,39965.0,39965.0,205
2024-01-01 20:26:00,39975.0,40000.0,39970.0,40000.0,336
2024-01-01 20:27:00,39970.0,39975.0,39945.0,39975.0,327
2024-01-01 20:28:00,39975.0,39990.0,39965.0,39990.0,306
2024-01-01 20:29:00,39980.0,39985.0,39970.0,39980.0,488
2024-01-01 20:30:00,39975.0,39985.0,39960.0,39980.0,261
2024-01-01 20:31:00,39985.0,39995.0,39980.0,39995.0,496
2024-01-01 20:32:00,39975.0,39990.0,39975.0,39985.0,128
2024-01-01 20:33:00,39980.0,40000.0,39980.0,39990.0,171
2024-01-01 20:34:00,39985.0,39995.0,39980.0,39995.0,207
2024-01-01 20:35:00,39980.0,40010.0,39960.0,39975.0,495
2024-01-01 20:36:00,39985.0,40000.0,39970.0,39980.0,54
2024-01-01 20:37:00,39970.0,39980.0,39950.0,39975.0,323
2024-01-01 20:38:00,39980.0,39990.0,39970.0,39990.0,188
2024-01-01 20:39:00,39980.0,39985.0,39960.0,39980.0,391
2024-01-01 20:40:00,39975.0,39985.0,39970.0,39985.0,427
2024-01-01 20:41:00,39985.0,40000.0,39970.0,40000.0,53
2024-01-01 20:42:00,39980.0,39990.0,39950.0,39970.0,280
2024-01-01 20:43:00,39965.0,39980.0,39950.0,39955.0,87
2024-01-01 20:44:00,39950.0,39955.0,39945.0,39950.0,335
2024-01-01 20:45:00,39955.0,39960.0,39940.0,39960.0,187
2024-01-01 20:46:00,39940.0,39950.0,39935.0,39935.0,366
2024-01-01 20:47:00,39960.0,39990.0,39960.0,39975.0,425
2024-01-01 20:48:00,39940.0,39945.0,39935.0,39945.0,460
2024-01-01 20:49:00,39955.0,39970.0,39930.0,39955.0,12
2024-01-01 20:50:00,39955.0,39970.0,39940.0,39940.0,223
2024-01-01 20:51:00,39955.0,39955.0,39930.0,39940.0,351
2024-01-01 20:52:00,39950.0,39985.0,39945.0,39955.0,83
2024-01-01 20:53:00,39955.0,39970.0,39935.0,39935.0,60
2024-01-01 20:54:00,39955.0,39965.0,39950.0,39965.0,76
2024-01-01 20:55:00,39965.0,39965.0,39935.0,39965.0,341
2024-01-01 20:56:00,39965.0,39995.0,39955.0,39995.0,102
2024-01-01 20:57:00,39965.0,39990.0,39950.0,39990.0,185
2024-01-01 20:58:00,39960.0,39970.0,39950.0,39960.0,154
2024-01-01 20:59:00,39960.0,39965.0,39960.0,39960.0,16
2024-01-01 21:00:00,39965.0,39975.0,39935.0,39975.0,278
2024-01-01 21:01:00,39950.0,39965.0,39940.0,39965.0,385
2024-01-01 21:02:00,39935.0,39945.0,39920.0,39920.0,331
2024-01-01 21:03:00,39940.0,39950.0,39920.0,39920.0,13
2024-01-01 21:04:00,39940.0,39955.0,39910.0,39935.0,147
2024-01-01 21:05:00,39940.0,39955.0,39940.0,39945.0,240
2024-01-01 21:06:00,39940.0,39950.0,39925.0,39945.0,97
2024-01-01 21:07:00,39945.0,39955.0,39925.0,39955.0,26
2024-01-01 21:08:00,39940.0,39945.0,39930.0,39930.0,61
2024-01-01 21:09:00,39930.0,39960.0,39905.0,39905.0,143
2024-01-01 21:10:00,39930.0,39940.0,39910.0,39940.0,220
2024-01-01 21:11:00,39920.0,39925.0,39895.0,39910.0,334
2024-01-01 21:12:00,39925.0,39925.0,39905.0,39905.0,489
2024-01-01 21:13:00,39910.0,39915.0,39895.0,39910.0,467
2024-01-01 21:14:00,39920.0,39930.0,39890.0,39930.0,402
2024-01-01 21:15:00,39925.0,39950.0,39915.0,39925.0,228
2024-01-01 21:16:00,39930.0,39945.0,39925.0,39925.0,214
2024-01-01 21:17:00,39940.0,39955.0,39935.0,39940.0,220
2024-01-01 21:18:00,39955.0,39970.0,39930.0,39950.0,286
2024-01-01 21:19:00,39965.0,39990.0,39950.0,39950.0,33
2024-01-01 21:20:00,39945.0,39945.0,39940.0,39940.0,495
2024-01-01 21:21:00,39930.0,39935.0,39925.0,39935.0,13
2024-01-01 21:22:00,39925.0,39930.0,39925.0,39930.0,161
2024-01-01 21:23:00,39925.0,39940.0,39915.0,39925.0,452
2024-01-01 21:24:00,39930.0,39945.0,39890.0,39920.0,492
2024-01-01 21:25:00,39925.0,39930.0,39920.0,39925.0,268
2024-01-01 21:26:00,39925.0,39940.0,39905.0,39905.0,333
2024-01-01 21:27:00,39915.0,39925.0,39900.0,39915.0,366
2024-01-01 21:28:00,39910.0,39925.0,39905.0,39925.0,177
2024-01-01 21:29:00,39895.0,39910.0,39880.0,39880.0,185
2024-01-01 21:30:00,39885.0,39925.0,39860.0,39880.0,319
2024-01-01 21:31:00,39870.0,39880.0,39845.0,39875.0,300
2024-01-01 21:32:00,39860.0,39875.0,39855.0,39875.0,488
2024-01-01 21:33:00,39870.0,39895.0,39865.0,39865.0,65
2024-01-01 21:34:00,39860.0,39870.0,39855.0,39855.0,117
2024-01-01 21:35:00,39885.0,39905.0,39865.0,39865.0,482
2024-01-01 21:36:00,39890.0,39890.0,39885.0,39890.0,305
2024-01-01 21:37:00,39890.0,39910.0,39880.0,39910.0,470
2024-01-01 21:38:00,39880.0,39905.0,39865.0,39885.0,333
2024-01-01 21:39:00,39885.0,39905.0,39875.0,39885.0,311
2024-01-01 21:40:00,39880.0,39905.0,39870.0,39885.0,343
2024-01-01 21:41:00,39880.0,39890.0,39870.0,39880.0,150
2024-01-01 21:42:00,39905.0,39905.0,39890.0,39895.0,164
2024-01-01 21:43:00,39905.0,39930.0,39895.0,39915.0,271
2024-01-01 21:44:00,39915.0,39920.0,39910.0,39915.0,282
2024-01-01 21:45:00,39910.0,39925.0,39900.0,39910.0,429
2024-01-01 21:46:00,39910.0,39945.0,39900.0,39900.0,241
2024-01-01 21:47:00,39930.0,39945.0,39925.0,39945.0,250
2024-01-01 21:48:00,39925.0,39930.0,39915.0,39930.0,364
2024-01-01 21:49:00,39945.0,39955.0,39940.0,39940.0,346
2024-01-01 21:50:00,39950.0,39960.0,39945.0,39960.0,498
2024-01-01 21:51:00,39945.0,39970.0,39935.0,39940.0,267
2024-01-01 21:52:00,39950.0,39960.0,39940.0,39940.0,258
2024-01-01 21:53:00,39960.0,39965.0,39935.0,39950.0,86
2024-01-01 21:54:00,39965.0,39975.0,39945.0,39945.0,189
2024-01-01 21:55:00,39950.0,39970.0,39945.0,39955.0,75
2024-01-01 21:56:00,39945.0,39955.0,39925.0,39925.0,317
2024-01-01 21:57:00,39945.0,39945.0,39935.0,39935.0,357
2024-01-01 21:58:00,39945.0,39950.0,39925.0,39925.0,180
2024-01-01 21:59:00,39950.0,39960.0,39945.0,39950.0,483
2024-01-01 22:00:00,39950.0,39970.0,39935.0,39950.0,31
2024-01-01 22:01:00,39935.0,39935.0,39925.0,39930.0,376
2024-01-01 22:02:00,39940.0,39965.0,39920.0,39930.0,116
2024-01-01 22:03:00,39945.0,39955.0,39930.0,39935.0,448
2024-01-01 22:04:00,39950.0,39955.0,39945.0,39955.0,332
2024-01-01 22:05:00,39960.0,39980.0,39955.0,39955.0,236
2024-01-01 22:06:00,39970.0,39975.0,39960.0,39975.0,453
2024-01-01 22:07:00,39975.0,39985.0,39955.0,39965.0,451
2024-01-01 22:08:00,39975.0,39980.0,39970.0,39975.0,405
2024-01-01 22:09:00,39960.0,39980.0,39955.0,39975.0,225
2024-01-01 22:10:00,39965.0,39995.0,39955.0,39970.0,78
2024-01-01 22:11:00,39965.0,39965.0,39955.0,39960.0,93
2024-01-01 22:12:00,39970.0,39975.0,39965.0,39975.0,112
2024-01-01 22:13:00,39955.0,39965.0,39940.0,39955.0,48
2024-01-01 22:14:00,39945.0,39950.0,39945.0,39945.0,22
2024-01-01 22:15:00,39955.0,39965.0,39940.0,39950.0,306
2024-01-01 22:16:00,39955.0,39960.0,39945.0,39955.0,322
2024-01-01 22:17:00,39960.0,39970.0,39935.0,39960.0,190
2024-01-01 22:18:00,39960.0,39975.0,39950.0,39950.0,277
2024-01-01 22:19:00,39960.0,39960.0,39950.0,39950.0,22
2024-01-01 22:20:00,39970.0,40000.0,39955.0,39955.0,129
2024-01-01 22:21:00,39965.0,39965.0,39925.0,39950.0,467
2024-01-01 22:22:00,39965.0,39975.0,39955.0,39955.0,362
2024-01-01 22:23:00,39960.0,39985.0,39945.0,39960.0,66
2024-01-01 22:24:00,39955.0,39980.0,39945.0,39945.0,49
2024-01-01 22:25:00,39950.0,39975.0,39925.0,39955.0,383
2024-01-01 22:26:00,39950.0,39955.0,39950.0,39950.0,345
2024-01-01 22:27:00,39945.0,39955.0,39925.0,39925.0,137
2024-01-01 22:28:00,39960.0,39985.0,39945.0,39965.0,182
2024-01-01 22:29:00,39950.0,39965.0,39940.0,39960.0,44
2024-01-01 22:30:00,39950.0,39955.0,39940.0,39940.0,268
2024-01-01 22:31:00,39945.0,39950.0,39935.0,39950.0,385
2024-01-01 22:32:00,39960.0,39985.0,39935.0,39950.0,14
2024-01-01 22:33:00,39960.0,39975.0,39955.0,39960.0,227
2024-01-01 22:34:00,39970.0,39975.0,39945.0,39955.0,20
2024-01-01 22:35:00,39955.0,39970.0,39935.0,39935.0,391
2024-01-01 22:36:00,39960.0,39990.0,39955.0,39955.0,336
2024-01-01 22:37:00,39970.0,39980.0,39965.0,39970.0,126
2024-01-01 22:38:00,39970.0,39975.0,39965.0,39965.0,193
2024-01-01 22:39:00,39980.0,39995.0,39950.0,39970.0,403
2024-01-01 22:40:00,39975.0,39975.0,39970.0,39970.0,371
2024-01-01 22:41:00,39990.0,39995.0,39975.0,39995.0,125
2024-01-01 22:42:00,40015.0,40020.0,40015.0,40015.0,171
2024-01-01 22:43:00,40010.0,40020.0,39990.0,40010.0,76
2024-01-01 22:44:00,40005.0,40010.0,40000.0,40000.0,209
2024-01-01 22:45:00,40020.0,40030.0,39995.0,40030.0,40
2024-01-01 22:46:00,40035.0,40050.0,40015.0,40025.0,84
2024-01-01 22:47:00,40030.0,40050.0,40030.0,40035.0,246
2024-01-01 22:48:00,40025.0,40035.0,40010.0,40035.0,336
2024-01-01 22:49:00,40020.0,40025.0,40015.0,40025.0,75
2024-01-01 22:50:00,40005.0,40015.0,39980.0,40005.0,79
2024-01-01 22:51:00,39995.0,40000.0,39980.0,39990.0,306
2024-01-01 22:52:00,39985.0,40000.0,39960.0,39995.0,456
2024-01-01 22:53:00,39975.0,39980.0,39960.0,39960.0,425
2024-01-01 22:54:00,39975.0,39985.0,39965.0,39965.0,29
2024-01-01 22:55:00,39975.0,39980.0,39970.0,39970.0,450
2024-01-01 22:56:00,39990.0,40005.0,39960.0,40000.0,235
2024-01-01 22:57:00,39980.0,39985.0,39955.0,39985.0,443
2024-01-01 22:58:00,39990.0,39990.0,39955.0,39980.0,473
2024-01-01 22:59:00,39990.0,39995.0,39985.0,39985.0,418
2024-01-01 23:00:00,39990.0,39990.0,39985.0,39985.0,405
2024-01-01 23:01:00,39995.0,40025.0,39970.0,39990.0,208
2024-01-01 23:02:00,39985.0,39995.0,39965.0,39995.0,48
2024-01-01 23:03:00,39990.0,39990.0,39970.0,39975.0,154
2024-01-01 23:04:00,39990.0,40005.0,39985.0,40005.0,54
2024-01-01 23:05:00,39995.0,40010.0,39980.0,40005.0,404
2024-01-01 23:06:00,40000.0,40020.0,39990.0,40010.0,335
2024-01-01 23:07:00,40025.0,40040.0,40010.0,40020.0,390
2024-01-01 23:08:00,40020.0,40035.0,40010.0,40020.0,416
2024-01-01 23:09:00,40015.0,40020.0,40000.0,40000.0,100
2024-01-01 23:10:00,40010.0,40020.0,40000.0,40005.0,247
2024-01-01 23:11:00,40005.0,40030.0,39990.0,40010.0,79
2024-01-01 23:12:00,40000.0,40020.0,39985.0,40015.0,175
2024-01-01 23:13:00,40010.0,40025.0,40000.0,40000.0,139
2024-01-01 23:14:00,40025.0,40040.0,40005.0,40020.0,223
2024-01-01 23:15:00,40020.0,40030.0,40010.0,40020.0,349
2024-01-01 23:16:00,40010.0,40030.0,39995.0,39995.0,98
2024-01-01 23:17:00,40015.0,40020.0,40010.0,40020.0,344
2024-01-01 23:18:00,40010.0,40015.0,39990.0,40005.0,261
2024-01-01 23:19:00,40015.0,40020.0,40010.0,40015.0,378
2024-01-01 23:20:00,40015.0,40015.0,40005.0,40010.0,358
2024-01-01 23:21:00,40000.0,40010.0,39990.0,39990.0,81
2024-01-01 23:22:00,40015.0,40025.0,40000.0,40015.0,174
2024-01-01 23:23:00,40035.0,40060.0,40025.0,40035.0,58
2024-01-01 23:24:00,40030.0,40050.0,40025.0,40025.0,61
2024-01-01 23:25:00,40025.0,40050.0,40020.0,40020.0,298
2024-01-01 23:26:00,40030.0,40045.0,40015.0,40035.0,287
2024-01-01 23:27:00,40035.0,40050.0,40020.0,40050.0,123
2024-01-01 23:28:00,40040.0,40055.0,40030.0,40040.0,248
2024-01-01 23:29:00,40060.0,40070.0,40040.0,40070.0,142
2024-01-01 23:30:00,40060.0,40075.0,40045.0,40045.0,496
2024-01-01 23:31:00,40050.0,40055.0,40045.0,40050.0,283
2024-01-01 23:32:00,40035.0,40040.0,40005.0,40025.0,175
2024-01-01 23:33:00,40030.0,40040.0,40015.0,40015.0,383
2024-01-01 23:34:00,40030.0,40050.0,40025.0,40025.0,382
2024-01-01 23:35:00,40050.0,40070.0,40035.0,40060.0,302
2024-01-01 23:36:00,40045.0,40055.0,40030.0,40055.0,487
2024-01-01 23:37:00,40045.0,40050.0,40035.0,40045.0,252
2024-01-01 23:38:00,40045.0,40070.0,40030.0,40030.0,488
2024-01-01 23:39:00,40055.0,40065.0,40050.0,40055.0,329
2024-01-01 23:40:00,40080.0,40095.0,40045.0,40085.0,147
2024-01-01 23:41:00,40075.0,40100.0,40045.0,40075.0,88
2024-01-01 23:42:00,40070.0,40090.0,40050.0,40050.0,179
2024-01-01 23:43:00,40080.0,40090.0,40070.0,40070.0,132
2024-01-01 23:44:00,40085.0,40085.0,40045.0,40085.0,185
2024-01-01 23:45:00,40105.0,40110.0,40100.0,40110.0,309
2024-01-01 23:46:00,40110.0,40120.0,40090.0,40090.0,91
2024-01-01 23:47:00,40105.0,40110.0,40085.0,40105.0,96
2024-01-01 23:48:00,40110.0,40115.0,40105.0,40110.0,234
2024-01-01 23:49:00,40120.0,40130.0,40115.0,40130.0,25
2024-01-01 23:50:00,40130.0,40140.0,40130.0,40135.0,319
2024-01-01 23:51:00,40135.0,40140.0,40105.0,40140.0,367
2024-01-01 23:52:00,40145.0,40150.0,40135.0,40135.0,172
2024-01-01 23:53:00,40155.0,40155.0,40135.0,40135.0,107
2024-01-01 23:54:00,40170.0,40170.0,40160.0,40165.0,165
2024-01-01 23:55:00,40175.0,40185.0,40115.0,40185.0,11
2024-01-01 23:56:00,40175.0,40190.0,40145.0,40190.0,359
2024-01-01 23:57:00,40175.0,40200.0,40150.0,40180.0,406
2024-01-01 23:58:00,40185.0,40195.0,40180.0,40190.0,178
2024-01-01 23:59:00,40175.0,40180.0,40170.0,40180.0,473
2024-01-02 00:00:00,40180.0,40190.0,40175.0,40175.0,324
2024-01-02 00:01:00,40175.0,40180.0,40170.0,40175.0,334
2024-01-02 00:02:00,40175.0,40195.0,40165.0,40190.0,384
2024-01-02 00:03:00,40190.0,40195.0,40180.0,40180.0,101
2024-01-02 00:04:00,40190.0,40205.0,40165.0,40205.0,190
2024-01-02 00:05:00,40190.0,40195.0,40180.0,40185.0,240
2024-01-02 00:06:00,40175.0,40200.0,40170.0,40190.0,310
2024-01-02 00:07:00,40180.0,40195.0,40165.0,40165.0,157
2024-01-02 00:08:00,40185.0,40205.0,40180.0,40190.0,289
2024-01-02 00:09:00,40205.0,40205.0,40185.0,40200.0,198
2024-01-02 00:10:00,40200.0,40225.0,40185.0,40185.0,356
2024-01-02 00:11:00,40200.0,40235.0,40195.0,40200.0,359
2024-01-02 00:12:00,40200.0,40210.0,40190.0,40210.0,323
2024-01-02 00:13:00,40215.0,40225.0,40205.0,40205.0,420
2024-01-02 00:14:00,40215.0,40240.0,40200.0,40200.0,419
2024-01-02 00:15:00,40220.0,40230.0,40190.0,40220.0,137
2024-01-02 00:16:00,40225.0,40235.0,40220.0,40225.0,16
2024-01-02 00:17:00,40225.0,40235.0,40215.0,40230.0,435
2024-01-02 00:18:00,40220.0,40230.0,40220.0,40230.0,56
2024-01-02 00:19:00,40220.0,40225.0,40200.0,40220.0,62
2024-01-02 00:20:00,40230.0,40260.0,40220.0,40250.0,196
2024-01-02 00:21:00,40220.0,40230.0,40210.0,40220.0,47
2024-01-02 00:22:00,40220.0,40235.0,40215.0,40215.0,462
2024-01-02 00:23:00,40215.0,40220.0,40200.0,40200.0,480
2024-01-02 00:24:00,40225.0,40255.0,40220.0,40220.0,485
2024-01-02 00:25:00,40210.0,40225.0,40205.0,40205.0,235
2024-01-02 00:26:00,40205.0,40245.0,40205.0,40215.0,62
2024-01-02 00:27:00,40210.0,40215.0,40205.0,40215.0,408
2024-01-02 00:28:00,40225.0,40240.0,40200.0,40215.0,233
2024-01-02 00:29:00,40225.0,40255.0,40210.0,40225.0,163
2024-01-02 00:30:00,40220.0,40240.0,40205.0,40225.0,57
2024-01-02 00:31:00,40240.0,40255.0,40235.0,40255.0,360
2024-01-02 00:32:00,40225.0,40235.0,40210.0,40235.0,156
2024-01-02 00:33:00,40205.0,40215.0,40190.0,40215.0,402
2024-01-02 00:34:00,40210.0,40250.0,40195.0,40210.0,73
2024-01-02 00:35:00,40205.0,40230.0,40185.0,40210.0,358
2024-01-02 00:36:00,40195.0,40205.0,40185.0,40205.0,191
2024-01-02 00:37:00,40200.0,40205.0,40185.0,40185.0,134
2024-01-02 00:38:00,40200.0,40215.0,40175.0,40195.0,188
2024-01-02 00:39:00,40195.0,40195.0,40185.0,40185.0,48
2024-01-02 00:40:00,40180.0,40185.0,40165.0,40185.0,269
2024-01-02 00:41:00,40190.0,40200.0,40185.0,40200.0,391
2024-01-02 00:42:00,40195.0,40200.0,40185.0,40190.0,12
2024-01-02 00:43:00,40195.0,40200.0,40170.0,40170.0,73
2024-01-02 00:44:00,40215.0,40225.0,40210.0,40210.0,38
2024-01-02 00:45:00,40205.0,40215.0,40190.0,40215.0,381
2024-01-02 00:46:00,40190.0,40195.0,40190.0,40195.0,20
2024-01-02 00:47:00,40185.0,40190.0,40140.0,40190.0,106
2024-01-02 00:48:00,40185.0,40200.0,40180.0,40180.0,367
2024-01-02 00:49:00,40185.0,40185.0,40160.0,40170.0,451
2024-01-02 00:50:00,40185.0,40210.0,40165.0,40190.0,212
2024-01-02 00:51:00,40190.0,40210.0,40180.0,40180.0,420
2024-01-02 00:52:00,40175.0,40195.0,40170.0,40195.0,490
2024-01-02 00:53:00,40190.0,40200.0,40165.0,40195.0,30
2024-01-02 00:54:00,40190.0,40200.0,40175.0,40185.0,48
2024-01-02 00:55:00,40200.0,40220.0,40175.0,40195.0,232
2024-01-02 00:56:00,40205.0,40235.0,40190.0,40205.0,111
2024-01-02 00:57:00,40210.0,40255.0,40205.0,40210.0,55
2024-01-02 00:58:00,40215.0,40230.0,40200.0,40225.0,75
2024-01-02 00:59:00,40220.0,40225.0,40205.0,40220.0,100
2024-01-02 01:00:00,40225.0,40225.0,40215.0,40220.0,173
2024-01-02 01:01:00,40240.0,40260.0,40230.0,40260.0,468
2024-01-02 01:02:00,40240.0,40250.0,40230.0,40240.0,120
2024-01-02 01:03:00,40245.0,40255.0,40230.0,40255.0,347
2024-01-02 01:04:00,40245.0,40255.0,40225.0,40240.0,132
2024-01-02 01:05:00,40260.0,40265.0,40255.0,40265.0,202
2024-01-02 01:06:00,40255.0,40260.0,40250.0,40260.0,456
2024-01-02 01:07:00,40275.0,40275.0,40255.0,40255.0,108
2024-01-02 01:08:00,40275.0,40295.0,40250.0,40295.0,300
2024-01-02 01:09:00,40260.0,40275.0,40255.0,40275.0,168
2024-01-02 01:10:00,40260.0,40270.0,40230.0,40255.0,421
2024-01-02 01:11:00,40255.0,40300.0,40245.0,40245.0,112
2024-01-02 01:12:00,40265.0,40275.0,40245.0,40270.0,394
2024-01-02 01:13:00,40260.0,40265.0,40230.0,40260.0,290
2024-01-02 01:14:00,40255.0,40260.0,40240.0,40260.0,52
2024-01-02 01:15:00,40235.0,40240.0,40235.0,40235.0,495
2024-01-02 01:16:00,40230.0,40245.0,40210.0,40235.0,93
2024-01-02 01:17:00,40205.0,40220.0,40190.0,40220.0,460
2024-01-02 01:18:00,40190.0,40200.0,40180.0,40195.0,200
2024-01-02 01:19:00,40200.0,40205.0,40190.0,40190.0,60
2024-01-02 01:20:00,40210.0,40225.0,40205.0,40225.0,395
2024-01-02 01:21:00,40215.0,40235.0,40195.0,40230.0,219
2024-01-02 01:22:00,40205.0,40235.0,40195.0,40235.0,135
2024-01-02 01:23:00,40205.0,40220.0,40195.0,40195.0,457
2024-01-02 01:24:00,40205.0,40220.0,40180.0,40205.0,467
2024-01-02 01:25:00,40195.0,40205.0,40175.0,40175.0,78
2024-01-02 01:26:00,40210.0,40220.0,40210.0,40215.0,274
2024-01-02 01:27:00,40220.0,40230.0,40215.0,40215.0,267
2024-01-02 01:28:00,40220.0,40240.0,40205.0,40240.0,427
2024-01-02 01:29:00,40220.0,40225.0,40185.0,40210.0,197
2024-01-02 01:30:00,40220.0,40230.0,40195.0,40205.0,239
2024-01-02 01:31:00,40200.0,40210.0,40190.0,40195.0,198
2024-01-02 01:32:00,40200.0,40220.0,40180.0,40180.0,424
2024-01-02 01:33:00,40195.0,40205.0,40190.0,40205.0,19
2024-01-02 01:34:00,40185.0,40190.0,40165.0,40165.0,123
2024-01-02 01:35:00,40180.0,40195.0,40180.0,40180.0,85
2024-01-02 01:36:00,40200.0,40200.0,40180.0,40180.0,173
2024-01-02 01:37:00,40205.0,40220.0,40185.0,40200.0,94
2024-01-02 01:38:00,40200.0,40215.0,40195.0,40215.0,58
2024-01-02 01:39:00,40205.0,40215.0,40205.0,40210.0,335
