trade_no,pos_type,entry_time,exit_time,entry_price,avg_entry_price,exit_price,total_lots,nanpin_count,exit_reason,gross_pnl,total_fee,net_pnl,holding_bars
1,LONG,2026-01-05 08:45:00,2026-01-05 09:00:00,50930.0,50930.0,51245.0,1,0,TAKE_PROFIT (TP_DELTA (+200円)),3150.0,30.0,3120.0,1
2,LONG,2026-01-05 09:00:00,2026-01-05 09:15:00,51470.0,51470.0,51670.0,1,0,TAKE_PROFIT (TP_DELTA (+200円)),2000.0,30.0,1970.0,1
3,LONG,2026-01-06 09:00:00,2026-01-06 14:00:00,52500.0,52375.0,52575.0,2,1,TAKE_PROFIT (TP_DELTA (+200円)),4000.0,60.0,3940.0,20
4,LONG,2026-01-09 23:00:00,2026-01-09 23:15:00,52550.0,52425.0,52735.0,2,1,TAKE_PROFIT (TP_DELTA (+200円)),6200.0,60.0,6140.0,1
5,LONG,2026-01-09 23:15:00,2026-01-09 23:30:00,52965.0,52840.0,53250.0,2,1,TAKE_PROFIT (TP_DELTA (+200円)),8200.0,60.0,8140.0,1
6,LONG,2026-01-09 23:30:00,2026-01-09 23:45:00,53465.0,53340.0,53540.0,2,1,TAKE_PROFIT (TP_DELTA (+200円)),4000.0,60.0,3940.0,1
7,LONG,2026-01-09 23:45:00,2026-01-10 00:00:00,53745.0,53620.0,53845.0,2,1,TAKE_PROFIT (TP_DELTA (+200円)),4500.0,60.0,4440.0,1
8,LONG,2026-01-12 08:45:00,2026-01-12 18:00:00,53900.0,53900.0,54100.0,1,0,TAKE_PROFIT (TP_DELTA (+200円)),2000.0,30.0,1970.0,33
9,SHORT,2026-01-14 21:00:00,2026-01-15 09:45:00,53845.0,53970.0,53770.0,2,1,TAKE_PROFIT (TP_DELTA (+200円)),4000.0,60.0,3940.0,41
10,SHORT,2026-01-19 08:45:00,2026-01-19 09:00:00,53460.0,53460.0,53260.0,1,0,TAKE_PROFIT (TP_DELTA (+200円)),2000.0,30.0,1970.0,1
11,SHORT,2026-01-20 09:15:00,2026-01-20 13:00:00,53005.0,53130.0,52930.0,2,1,TAKE_PROFIT (TP_DELTA (+200円)),4000.0,60.0,3940.0,15
12,SHORT,2026-01-21 08:45:00,2026-01-24 02:15:00,51900.0,53337.5,53140.0,28,9,TAKE_PROFIT (TP_DELTA (+200円)),55300.0,840.0,54460.0,230
13,SHORT,2026-01-26 08:45:00,2026-01-26 18:15:00,52360.0,52818.333333333336,52620.0,6,3,TAKE_PROFIT (TP_DELTA (+200円)),11900.000000000146,180.0,11720.000000000146,34
14,SHORT,2026-01-26 18:30:00,2026-01-27 22:45:00,52345.0,52983.88888888889,52785.0,9,4,TAKE_PROFIT (TP_DELTA (+200円)),17900.000000000146,270.0,17630.000000000146,99
15,LONG,2026-01-28 15:00:00,2026-01-28 15:30:00,53405.0,53280.0,53480.0,2,1,TAKE_PROFIT (TP_DELTA (+200円)),4000.0,60.0,3940.0,2
16,LONG,2026-01-28 15:30:00,2026-01-28 17:00:00,53745.0,53620.0,53820.0,2,1,TAKE_PROFIT (TP_DELTA (+200円)),4000.0,60.0,3940.0,2
17,LONG,2026-01-29 08:45:00,2026-01-30 08:45:00,54035.0,53101.666666666664,53300.0,15,6,TAKE_PROFIT (TP_DELTA (+200円)),29750.000000000364,450.0,29300.000000000364,82
18,LONG,2026-02-02 09:15:00,2026-02-02 09:30:00,53935.0,53935.0,54140.0,1,0,TAKE_PROFIT (TP_DELTA (+200円)),2050.0,30.0,2020.0,1
19,SHORT,2026-02-02 12:30:00,2026-02-02 12:45:00,53000.0,53125.0,52925.0,2,1,TAKE_PROFIT (TP_DELTA (+200円)),4000.0,60.0,3940.0,1
20,SHORT,2026-02-04 02:00:00,2026-02-04 03:15:00,53725.0,53850.0,53650.0,2,1,TAKE_PROFIT (TP_DELTA (+200円)),4000.0,60.0,3940.0,5
21,SHORT,2026-02-06 08:45:00,2026-02-06 09:00:00,53525.0,53525.0,53325.0,1,0,TAKE_PROFIT (TP_DELTA (+200円)),2000.0,30.0,1970.0,1
22,SHORT,2026-02-06 09:00:00,2026-02-06 09:15:00,53045.0,53170.0,52970.0,2,1,TAKE_PROFIT (TP_DELTA (+200円)),4000.0,60.0,3940.0,1
23,LONG,2026-02-06 17:45:00,2026-02-06 18:00:00,54815.0,54690.0,54890.0,2,1,TAKE_PROFIT (TP_DELTA (+200円)),4000.0,60.0,3940.0,1
24,LONG,2026-02-06 18:30:00,2026-02-06 21:00:00,55245.0,55245.0,55445.0,1,0,TAKE_PROFIT (TP_DELTA (+200円)),2000.0,30.0,1970.0,10
25,LONG,2026-02-06 23:30:00,2026-02-06 23:45:00,55775.0,55650.0,55850.0,2,1,TAKE_PROFIT (TP_DELTA (+200円)),4000.0,60.0,3940.0,1
26,LONG,2026-02-09 08:45:00,2026-02-10 03:00:00,58000.0,56870.52631578947,57070.0,19,7,TAKE_PROFIT (TP_DELTA (+200円)),37900.00000000007,570.0,37330.00000000007,69
27,LONG,2026-02-10 10:15:00,2026-02-10 17:30:00,57925.0,57800.0,58000.0,2,1,TAKE_PROFIT (TP_DELTA (+200円)),4000.0,60.0,3940.0,25
28,LONG,2026-02-11 22:30:00,2026-02-11 23:30:00,58400.0,58275.0,58475.0,2,1,TAKE_PROFIT (TP_DELTA (+200円)),4000.0,60.0,3940.0,4
29,SHORT,2026-02-12 00:15:00,2026-02-12 08:45:00,57770.0,58082.5,57880.0,4,2,TAKE_PROFIT (TP_DELTA (+200円)),8100.0,120.0,7980.0,24
30,SHORT,2026-02-12 15:30:00,2026-02-13 00:30:00,57390.0,57515.0,57315.0,2,1,TAKE_PROFIT (TP_DELTA (+200円)),4000.0,60.0,3940.0,32
31,SHORT,2026-02-13 01:00:00,2026-02-13 01:15:00,57025.0,57150.0,56950.0,2,1,TAKE_PROFIT (TP_DELTA (+200円)),4000.0,60.0,3940.0,1
32,SHORT,2026-02-13 01:15:00,2026-02-13 01:30:00,56810.0,56810.0,56560.0,1,0,TAKE_PROFIT (TP_DELTA (+200円)),2500.0,30.0,2470.0,1
33,SHORT,2026-02-16 09:00:00,2026-02-16 09:15:00,57130.0,57255.0,57055.0,2,1,TAKE_PROFIT (TP_DELTA (+200円)),4000.0,60.0,3940.0,1
34,SHORT,2026-02-17 09:00:00,2026-02-17 09:45:00,56510.0,56635.0,56435.0,2,1,TAKE_PROFIT (TP_DELTA (+200円)),4000.0,60.0,3940.0,3
35,LONG,2026-02-17 17:00:00,2026-02-17 23:30:00,56810.0,56685.0,56885.0,2,1,TAKE_PROFIT (TP_DELTA (+200円)),4000.0,60.0,3940.0,26
36,LONG,2026-02-21 00:00:00,2026-02-23 18:00:00,57180.0,56867.5,57070.0,4,2,TAKE_PROFIT (TP_DELTA (+200円)),8100.0,120.0,7980.0,58
37,LONG,2026-02-24 17:00:00,2026-02-24 21:00:00,57665.0,57540.0,57740.0,2,1,TAKE_PROFIT (TP_DELTA (+200円)),4000.0,60.0,3940.0,16
38,LONG,2026-02-25 12:45:00,2026-02-25 13:30:00,58620.0,58620.0,58820.0,1,0,TAKE_PROFIT (TP_DELTA (+200円)),2000.0,30.0,1970.0,3
39,SHORT,2026-02-26 08:45:00,2026-02-26 09:15:00,59285.0,59285.0,59085.0,1,0,TAKE_PROFIT (TP_DELTA (+200円)),2000.0,30.0,1970.0,2
40,SHORT,2026-02-26 09:45:00,2026-02-26 10:00:00,58810.0,58935.0,58735.0,2,1,TAKE_PROFIT (TP_DELTA (+200円)),4000.0,60.0,3940.0,1
41,SHORT,2026-02-27 00:15:00,2026-02-27 03:00:00,58475.0,58600.0,58400.0,2,1,TAKE_PROFIT (TP_DELTA (+200円)),4000.0,60.0,3940.0,11
42,LONG,2026-02-27 17:00:00,2026-03-02 10:00:00,59300.0,57929.565217391304,58130.0,23,8,TAKE_PROFIT (TP_DELTA (+200円)),46100.00000000007,690.0,45410.00000000007,58
43,SHORT,2026-03-02 17:00:00,2026-03-02 17:15:00,57585.0,57585.0,57385.0,1,0,TAKE_PROFIT (TP_DELTA (+200円)),2000.0,30.0,1970.0,1
44,SHORT,2026-03-03 10:45:00,2026-03-03 11:00:00,57065.0,57190.0,56990.0,2,1,TAKE_PROFIT (TP_DELTA (+200円)),4000.0,60.0,3940.0,1
45,SHORT,2026-03-03 11:00:00,2026-03-03 12:30:00,56795.0,56795.0,56595.0,1,0,TAKE_PROFIT (TP_DELTA (+200円)),2000.0,30.0,1970.0,6
46,SHORT,2026-03-03 17:00:00,2026-03-03 17:15:00,55675.0,55675.0,55410.0,1,0,TAKE_PROFIT (TP_DELTA (+200円)),2650.0,30.0,2620.0,1
47,SHORT,2026-03-03 17:15:00,2026-03-03 17:30:00,55155.0,55280.0,55075.0,2,1,TAKE_PROFIT (TP_DELTA (+200円)),4100.0,60.0,4040.0,1
48,SHORT,2026-03-03 18:45:00,2026-03-03 19:00:00,54325.0,54450.0,54135.0,2,1,TAKE_PROFIT (TP_DELTA (+200円)),6300.0,60.0,6240.0,1
49,SHORT,2026-03-03 19:00:00,2026-03-03 19:30:00,53900.0,54025.0,53825.0,2,1,TAKE_PROFIT (TP_DELTA (+200円)),4000.0,60.0,3940.0,2
50,SHORT,2026-03-03 19:30:00,2026-03-03 23:00:00,53640.0,54278.88888888889,54080.0,9,4,TAKE_PROFIT (TP_DELTA (+200円)),17900.000000000146,270.0,17630.000000000146,14
51,LONG,2026-03-04 04:30:00,2026-03-04 04:45:00,55570.0,55445.0,55645.0,2,1,TAKE_PROFIT (TP_DELTA (+200円)),4000.0,60.0,3940.0,1
52,SHORT,2026-03-04 10:15:00,2026-03-04 11:00:00,54350.0,54475.0,54275.0,2,1,TAKE_PROFIT (TP_DELTA (+200円)),4000.0,60.0,3940.0,3
53,SHORT,2026-03-04 12:30:00,2026-03-05 12:30:00,53715.0,55491.02564102564,55290.0,39,11,TAKE_PROFIT (TP_DELTA (+200円)),78399.99999999985,1170.0,77229.99999999985,82
54,SHORT,2026-03-05 12:30:00,2026-03-05 12:45:00,55200.0,55325.0,55125.0,2,1,TAKE_PROFIT (TP_DELTA (+200円)),4000.0,60.0,3940.0,1
55,LONG,2026-03-05 18:00:00,2026-03-05 18:15:00,55985.0,55672.5,55895.0,4,2,TAKE_PROFIT (TP_DELTA (+200円)),8900.0,120.0,8780.0,1
56,SHORT,2026-03-06 00:15:00,2026-03-06 00:30:00,54815.0,54940.0,54740.0,2,1,TAKE_PROFIT (TP_DELTA (+200円)),4000.0,60.0,3940.0,1
57,LONG,2026-03-06 09:00:00,2026-03-06 09:15:00,55065.0,54752.5,55185.0,4,2,TAKE_PROFIT (TP_DELTA (+200円)),17300.0,120.0,17180.0,1
58,SHORT,2026-03-06 22:30:00,2026-03-06 22:45:00,54415.0,54540.0,54340.0,2,1,TAKE_PROFIT (TP_DELTA (+200円)),4000.0,60.0,3940.0,1
59,SHORT,2026-03-06 22:45:00,2026-03-06 23:00:00,54165.0,54290.0,54085.0,2,1,TAKE_PROFIT (TP_DELTA (+200円)),4100.0,60.0,4040.0,1
60,SHORT,2026-03-09 08:45:00,2026-03-09 09:45:00,51760.0,52218.333333333336,52020.0,6,3,TAKE_PROFIT (TP_DELTA (+200円)),11900.000000000146,180.0,11720.000000000146,4
61,LONG,2026-03-09 18:30:00,2026-03-09 18:45:00,53300.0,53175.0,53375.0,2,1,TAKE_PROFIT (TP_DELTA (+200円)),4000.0,60.0,3940.0,1
62,LONG,2026-03-10 00:15:00,2026-03-10 03:15:00,53710.0,53585.0,53785.0,2,1,TAKE_PROFIT (TP_DELTA (+200円)),4000.0,60.0,3940.0,12
63,LONG,2026-03-10 04:15:00,2026-03-10 04:30:00,54095.0,53970.0,54565.0,2,1,TAKE_PROFIT (TP_DELTA (+200円)),11900.0,60.0,11840.0,1
64,LONG,2026-03-10 04:30:00,2026-03-10 10:00:00,54775.0,54316.666666666664,54515.0,6,3,TAKE_PROFIT (TP_DELTA (+200円)),11900.000000000146,180.0,11720.000000000146,12
65,SHORT,2026-03-10 12:30:00,2026-03-10 12:45:00,53760.0,53885.0,53685.0,2,1,TAKE_PROFIT (TP_DELTA (+200円)),4000.0,60.0,3940.0,1
66,LONG,2026-03-10 17:00:00,2026-03-10 17:15:00,54845.0,54845.0,55045.0,1,0,TAKE_PROFIT (TP_DELTA (+200円)),2000.0,30.0,1970.0,1
67,LONG,2026-03-11 02:00:00,2026-03-11 02:15:00,55580.0,55580.0,55780.0,1,0,TAKE_PROFIT (TP_DELTA (+200円)),2000.0,30.0,1970.0,1
68,LONG,2026-03-11 02:15:00,2026-03-11 09:00:00,55785.0,55146.11111111111,55345.0,9,4,TAKE_PROFIT (TP_DELTA (+200円)),17900.000000000146,270.0,17630.000000000146,17
69,LONG,2026-03-11 23:00:00,2026-03-12 09:30:00,55125.0,54290.833333333336,54490.0,12,5,TAKE_PROFIT (TP_DELTA (+200円)),23899.99999999971,360.0,23539.99999999971,32
70,SHORT,2026-03-12 22:15:00,2026-03-12 22:45:00,53880.0,54005.0,53805.0,2,1,TAKE_PROFIT (TP_DELTA (+200円)),4000.0,60.0,3940.0,2
71,SHORT,2026-03-12 22:45:00,2026-03-12 23:30:00,53645.0,53770.0,53570.0,2,1,TAKE_PROFIT (TP_DELTA (+200円)),4000.0,60.0,3940.0,3
72,SHORT,2026-03-13 00:00:00,2026-03-13 08:45:00,53330.0,53642.5,53440.0,4,2,TAKE_PROFIT (TP_DELTA (+200円)),8100.0,120.0,7980.0,25
73,SHORT,2026-03-13 08:45:00,2026-03-13 09:00:00,53285.0,53410.0,53210.0,2,1,TAKE_PROFIT (TP_DELTA (+200円)),4000.0,60.0,3940.0,1
74,SHORT,2026-03-13 09:00:00,2026-03-13 17:00:00,53035.0,53493.333333333336,52990.0,6,3,TAKE_PROFIT (TP_DELTA (+200円)),30200.000000000146,180.0,30020.000000000146,28
75,SHORT,2026-03-13 17:00:00,2026-03-13 17:15:00,52990.0,52990.0,52665.0,1,0,TAKE_PROFIT (TP_DELTA (+200円)),3250.0,30.0,3220.0,1
76,LONG,2026-03-16 08:45:00,2026-03-16 09:00:00,53445.0,53320.0,53520.0,2,1,TAKE_PROFIT (TP_DELTA (+200円)),4000.0,60.0,3940.0,1
77,SHORT,2026-03-17 09:15:00,2026-03-17 09:45:00,53720.0,53845.0,53645.0,2,1,TAKE_PROFIT (TP_DELTA (+200円)),4000.0,60.0,3940.0,2
78,SHORT,2026-03-17 15:00:00,2026-03-18 21:15:00,53250.0,54355.26315789474,54155.0,19,7,TAKE_PROFIT (TP_DELTA (+200円)),38050.000000000655,570.0,37480.000000000655,103
79,SHORT,2026-03-19 17:00:00,2026-03-19 17:30:00,52640.0,52640.0,52440.0,1,0,TAKE_PROFIT (TP_DELTA (+200円)),2000.0,30.0,1970.0,2
80,SHORT,2026-03-19 17:30:00,2026-03-19 18:15:00,52270.0,52395.0,52195.0,2,1,TAKE_PROFIT (TP_DELTA (+200円)),4000.0,60.0,3940.0,3
81,LONG,2026-03-20 04:00:00,2026-03-20 04:15:00,52790.0,52665.0,53010.0,2,1,TAKE_PROFIT (TP_DELTA (+200円)),6900.0,60.0,6840.0,1
82,SHORT,2026-03-20 18:45:00,2026-03-20 19:00:00,52780.0,52905.0,52705.0,2,1,TAKE_PROFIT (TP_DELTA (+200円)),4000.0,60.0,3940.0,1
83,SHORT,2026-03-20 23:00:00,2026-03-20 23:15:00,52270.0,52395.0,52195.0,2,1,TAKE_PROFIT (TP_DELTA (+200円)),4000.0,60.0,3940.0,1
84,SHORT,2026-03-21 03:15:00,2026-03-21 04:00:00,51260.0,51385.0,51185.0,2,1,TAKE_PROFIT (TP_DELTA (+200円)),4000.0,60.0,3940.0,3
85,SHORT,2026-03-23 17:00:00,2026-03-23 20:15:00,50690.0,52651.95652173913,53845.0,46,12,STOP_LOSS,-548800.000000001,1380.0,-550180.000000001,13
86,SHORT,2026-03-24 09:00:00,2026-03-24 09:15:00,52360.0,52485.0,52285.0,2,1,TAKE_PROFIT (TP_DELTA (+200円)),4000.0,60.0,3940.0,1
87,SHORT,2026-03-24 09:15:00,2026-03-24 09:30:00,52110.0,52235.0,52035.0,2,1,TAKE_PROFIT (TP_DELTA (+200円)),4000.0,60.0,3940.0,1
88,SHORT,2026-03-24 09:30:00,2026-03-24 10:00:00,51815.0,51940.0,51740.0,2,1,TAKE_PROFIT (TP_DELTA (+200円)),4000.0,60.0,3940.0,2
89,LONG,2026-03-24 17:00:00,2026-03-24 18:45:00,52690.0,52377.5,52580.0,4,2,TAKE_PROFIT (TP_DELTA (+200円)),8100.0,120.0,7980.0,7
90,LONG,2026-03-25 05:15:00,2026-03-25 05:30:00,53015.0,52702.5,53010.0,4,2,TAKE_PROFIT (TP_DELTA (+200円)),12300.0,120.0,12180.0,1
91,LONG,2026-03-25 17:00:00,2026-03-25 17:15:00,53865.0,53740.0,53940.0,2,1,TAKE_PROFIT (TP_DELTA (+200円)),4000.0,60.0,3940.0,1
92,SHORT,2026-03-27 17:00:00,2026-03-27 17:15:00,52535.0,52535.0,52335.0,1,0,TAKE_PROFIT (TP_DELTA (+200円)),2000.0,30.0,1970.0,1
93,SHORT,2026-03-30 08:45:00,2026-03-30 09:00:00,50990.0,50990.0,50790.0,1,0,TAKE_PROFIT (TP_DELTA (+200円)),2000.0,30.0,1970.0,1
94,LONG,2026-03-31 09:45:00,2026-03-31 10:15:00,51655.0,51530.0,51730.0,2,1,TAKE_PROFIT (TP_DELTA (+200円)),4000.0,60.0,3940.0,2
95,LONG,2026-03-31 10:15:00,2026-03-31 10:30:00,51865.0,51740.0,51940.0,2,1,TAKE_PROFIT (TP_DELTA (+200円)),4000.0,60.0,3940.0,1
96,LONG,2026-03-31 10:30:00,2026-03-31 10:45:00,52075.0,51950.0,52150.0,2,1,TAKE_PROFIT (TP_DELTA (+200円)),4000.0,60.0,3940.0,1
97,LONG,2026-04-01 01:30:00,2026-04-01 01:45:00,52325.0,52200.0,52635.0,2,1,TAKE_PROFIT (TP_DELTA (+200円)),8700.0,60.0,8640.0,1
98,LONG,2026-04-01 21:30:00,2026-04-01 23:45:00,54510.0,54197.5,54400.0,4,2,TAKE_PROFIT (TP_DELTA (+200円)),8100.0,120.0,7980.0,9
99,SHORT,2026-04-02 10:00:00,2026-04-02 10:15:00,53815.0,53940.0,53740.0,2,1,TAKE_PROFIT (TP_DELTA (+200円)),4000.0,60.0,3940.0,1
100,SHORT,2026-04-02 10:15:00,2026-04-02 10:30:00,53545.0,53670.0,53350.0,2,1,TAKE_PROFIT (TP_DELTA (+200円)),6400.0,60.0,6340.0,1
101,SHORT,2026-04-02 10:30:00,2026-04-02 10:45:00,53100.0,53225.0,53025.0,2,1,TAKE_PROFIT (TP_DELTA (+200円)),4000.0,60.0,3940.0,1
102,LONG,2026-04-02 23:30:00,2026-04-02 23:45:00,53115.0,52990.0,53480.0,2,1,TAKE_PROFIT (TP_DELTA (+200円)),9800.0,60.0,9740.0,1
103,LONG,2026-04-06 09:00:00,2026-04-06 09:15:00,53535.0,53410.0,53610.0,2,1,TAKE_PROFIT (TP_DELTA (+200円)),4000.0,60.0,3940.0,1
104,LONG,2026-04-07 17:00:00,2026-04-07 17:15:00,53870.0,53745.0,53960.0,2,1,TAKE_PROFIT (TP_DELTA (+200円)),4300.0,60.0,4240.0,1
105,SHORT,2026-04-07 23:00:00,2026-04-08 00:00:00,53025.0,53150.0,52950.0,2,1,TAKE_PROFIT (TP_DELTA (+200円)),4000.0,60.0,3940.0,4
106,LONG,2026-04-08 04:45:00,2026-04-08 05:15:00,53980.0,53855.0,54055.0,2,1,TAKE_PROFIT (TP_DELTA (+200円)),4000.0,60.0,3940.0,2
107,LONG,2026-04-08 08:45:00,2026-04-08 09:00:00,55800.0,55800.0,56195.0,1,0,TAKE_PROFIT (TP_DELTA (+200円)),3950.0,30.0,3920.0,1
108,LONG,2026-04-08 09:00:00,2026-04-08 10:45:00,56530.0,56071.666666666664,56270.0,6,3,TAKE_PROFIT (TP_DELTA (+200円)),11900.000000000146,180.0,11720.000000000146,7
109,SHORT,2026-04-09 08:45:00,2026-04-09 09:00:00,56480.0,56605.0,56405.0,2,1,TAKE_PROFIT (TP_DELTA (+200円)),4000.0,60.0,3940.0,1
110,SHORT,2026-04-09 09:00:00,2026-04-09 09:45:00,56230.0,56355.0,56155.0,2,1,TAKE_PROFIT (TP_DELTA (+200円)),4000.0,60.0,3940.0,3
111,LONG,2026-04-09 15:30:00,2026-04-09 22:30:00,56405.0,56092.5,56290.0,4,2,TAKE_PROFIT (TP_DELTA (+200円)),7900.0,120.0,7780.0,24
112,SHORT,2026-04-13 08:45:00,2026-04-16 10:30:00,56205.0,58169.13043478261,59255.0,46,12,STOP_LOSS,-499500.0000000003,1380.0,-500880.0000000003,253
113,LONG,2026-04-16 11:00:00,2026-04-16 12:00:00,59520.0,59520.0,59720.0,1,0,TAKE_PROFIT (TP_DELTA (+200円)),2000.0,30.0,1970.0,4
114,SHORT,2026-04-16 22:45:00,2026-04-17 09:30:00,58965.0,59277.5,59080.0,4,2,TAKE_PROFIT (TP_DELTA (+200円)),7900.0,120.0,7780.0,33
115,SHORT,2026-04-17 15:15:00,2026-04-20 08:45:00,58735.0,59526.666666666664,58990.0,12,5,TAKE_PROFIT (TP_DELTA (+200円)),64399.99999999971,360.0,64039.99999999971,56
116,SHORT,2026-04-20 08:45:00,2026-04-20 14:30:00,58990.0,59115.0,58915.0,2,1,TAKE_PROFIT (TP_DELTA (+200円)),4000.0,60.0,3940.0,23
117,LONG,2026-04-22 08:45:00,2026-04-22 09:15:00,59155.0,59155.0,59355.0,1,0,TAKE_PROFIT (TP_DELTA (+200円)),2000.0,30.0,1970.0,2
118,LONG,2026-04-23 09:00:00,2026-04-23 09:15:00,60255.0,59796.666666666664,59995.0,6,3,TAKE_PROFIT (TP_DELTA (+200円)),11900.000000000146,180.0,11720.000000000146,1
119,SHORT,2026-04-23 09:15:00,2026-04-23 10:15:00,59235.0,59693.333333333336,59495.0,6,3,TAKE_PROFIT (TP_DELTA (+200円)),11900.000000000146,180.0,11720.000000000146,4
120,SHORT,2026-04-23 11:00:00,2026-04-23 12:30:00,59035.0,59035.0,58835.0,1,0,TAKE_PROFIT (TP_DELTA (+200円)),2000.0,30.0,1970.0,6
121,SHORT,2026-04-24 02:30:00,2026-04-24 02:45:00,58605.0,58730.0,58515.0,2,1,TAKE_PROFIT (TP_DELTA (+200円)),4300.0,60.0,4240.0,1
122,LONG,2026-04-24 09:00:00,2026-04-24 09:30:00,59670.0,59545.0,59745.0,2,1,TAKE_PROFIT (TP_DELTA (+200円)),4000.0,60.0,3940.0,2
123,SHORT,2026-04-27 15:30:00,2026-04-27 22:45:00,60260.0,60385.0,60185.0,2,1,TAKE_PROFIT (TP_DELTA (+200円)),4000.0,60.0,3940.0,25
124,SHORT,2026-04-27 22:45:00,2026-04-28 00:00:00,60125.0,60250.0,60050.0,2,1,TAKE_PROFIT (TP_DELTA (+200円)),4000.0,60.0,3940.0,5
125,LONG,2026-04-28 08:45:00,2026-04-30 15:30:00,60465.0,59359.73684210526,59560.0,19,7,TAKE_PROFIT (TP_DELTA (+200円)),38050.000000000655,570.0,37480.000000000655,191
126,SHORT,2026-05-04 19:00:00,2026-05-04 19:15:00,59480.0,59605.0,59275.0,2,1,TAKE_PROFIT (TP_DELTA (+200円)),6600.0,60.0,6540.0,1
127,LONG,2026-05-06 08:45:00,2026-05-06 09:00:00,61070.0,61070.0,61270.0,1,0,TAKE_PROFIT (TP_DELTA (+200円)),2000.0,30.0,1970.0,1
128,LONG,2026-05-06 09:00:00,2026-05-06 09:15:00,61355.0,61230.0,61430.0,2,1,TAKE_PROFIT (TP_DELTA (+200円)),4000.0,60.0,3940.0,1
129,LONG,2026-05-06 17:00:00,2026-05-06 17:45:00,61540.0,61540.0,61740.0,1,0,TAKE_PROFIT (TP_DELTA (+200円)),2000.0,30.0,1970.0,3
130,LONG,2026-05-06 17:45:00,2026-05-06 18:00:00,61780.0,61780.0,61980.0,1,0,TAKE_PROFIT (TP_DELTA (+200円)),2000.0,30.0,1970.0,1
131,LONG,2026-05-07 10:30:00,2026-05-07 11:15:00,62780.0,62780.0,62980.0,1,0,TAKE_PROFIT (TP_DELTA (+200円)),2000.0,30.0,1970.0,3
132,SHORT,2026-05-08 02:15:00,2026-05-08 11:15:00,62080.0,62392.5,62190.0,4,2,TAKE_PROFIT (TP_DELTA (+200円)),8100.0,120.0,7980.0,26
133,SHORT,2026-05-11 09:45:00,2026-05-11 10:00:00,63045.0,63170.0,62970.0,2,1,TAKE_PROFIT (TP_DELTA (+200円)),4000.0,60.0,3940.0,1
134,LONG,2026-05-12 09:30:00,2026-05-12 11:15:00,63210.0,62571.11111111111,62770.0,9,4,TAKE_PROFIT (TP_DELTA (+200円)),17900.000000000146,270.0,17630.000000000146,7
135,SHORT,2026-05-12 23:30:00,2026-05-13 00:15:00,62075.0,62075.0,61875.0,1,0,TAKE_PROFIT (TP_DELTA (+200円)),2000.0,30.0,1970.0,3
136,LONG,2026-05-13 09:15:00,2026-05-13 10:15:00,62780.0,62655.0,62855.0,2,1,TAKE_PROFIT (TP_DELTA (+200円)),4000.0,60.0,3940.0,4
137,LONG,2026-05-14 08:45:00,2026-05-15 09:15:00,63690.0,63051.11111111111,63250.0,9,4,TAKE_PROFIT (TP_DELTA (+200円)),17900.000000000146,270.0,17630.000000000146,84
138,SHORT,2026-05-15 09:30:00,2026-05-15 09:45:00,62575.0,62700.0,62500.0,2,1,TAKE_PROFIT (TP_DELTA (+200円)),4000.0,60.0,3940.0,1
139,SHORT,2026-05-15 10:15:00,2026-05-15 10:30:00,62170.0,62295.0,62095.0,2,1,TAKE_PROFIT (TP_DELTA (+200円)),4000.0,60.0,3940.0,1
140,SHORT,2026-05-15 14:30:00,2026-05-15 14:45:00,61280.0,61405.0,61205.0,2,1,TAKE_PROFIT (TP_DELTA (+200円)),4000.0,60.0,3940.0,1
141,SHORT,2026-05-15 14:45:00,2026-05-15 17:30:00,61005.0,61643.88888888889,61445.0,9,4,TAKE_PROFIT (TP_DELTA (+200円)),17900.000000000146,270.0,17630.000000000146,7
142,SHORT,2026-05-18 09:00:00,2026-05-18 09:15:00,61325.0,61450.0,61250.0,2,1,TAKE_PROFIT (TP_DELTA (+200円)),4000.0,60.0,3940.0,1
143,SHORT,2026-05-18 10:00:00,2026-05-18 10:15:00,60705.0,61017.5,60655.0,4,2,TAKE_PROFIT (TP_DELTA (+200円)),14500.0,120.0,14380.0,1
144,LONG,2026-05-18 20:30:00,2026-05-18 20:45:00,61450.0,61137.5,61440.0,4,2,TAKE_PROFIT (TP_DELTA (+200円)),12100.0,120.0,11980.0,1
145,LONG,2026-05-19 17:00:00,2026-05-20 01:15:00,61080.0,60441.11111111111,60640.0,9,4,TAKE_PROFIT (TP_DELTA (+200円)),17900.000000000146,270.0,17630.000000000146,33
146,SHORT,2026-05-20 09:00:00,2026-05-20 09:15:00,60270.0,60395.0,59815.0,2,1,TAKE_PROFIT (TP_DELTA (+200円)),11600.0,60.0,11540.0,1
147,SHORT,2026-05-20 09:15:00,2026-05-20 10:15:00,59550.0,59862.5,59660.0,4,2,TAKE_PROFIT (TP_DELTA (+200円)),8100.0,120.0,7980.0,4
148,LONG,2026-05-20 23:15:00,2026-05-20 23:30:00,60910.0,60785.0,60985.0,2,1,TAKE_PROFIT (TP_DELTA (+200円)),4000.0,60.0,3940.0,1
149,LONG,2026-05-21 00:15:00,2026-05-21 04:00:00,61275.0,61275.0,61475.0,1,0,TAKE_PROFIT (TP_DELTA (+200円)),2000.0,30.0,1970.0,15
150,SHORT,2026-05-21 19:15:00,2026-05-21 19:30:00,61230.0,61355.0,61155.0,2,1,TAKE_PROFIT (TP_DELTA (+200円)),4000.0,60.0,3940.0,1
151,LONG,2026-05-22 02:00:00,2026-05-22 02:15:00,61920.0,61795.0,61995.0,2,1,TAKE_PROFIT (TP_DELTA (+200円)),4000.0,60.0,3940.0,1
152,LONG,2026-05-22 02:15:00,2026-05-22 02:30:00,62135.0,62010.0,62210.0,2,1,TAKE_PROFIT (TP_DELTA (+200円)),4000.0,60.0,3940.0,1
153,LONG,2026-05-22 09:00:00,2026-05-22 09:15:00,62615.0,62490.0,62690.0,2,1,TAKE_PROFIT (TP_DELTA (+200円)),4000.0,60.0,3940.0,1
154,LONG,2026-05-22 09:15:00,2026-05-22 09:45:00,62850.0,62725.0,62925.0,2,1,TAKE_PROFIT (TP_DELTA (+200円)),4000.0,60.0,3940.0,2
155,LONG,2026-05-25 08:45:00,2026-05-25 09:00:00,64155.0,64155.0,64355.0,1,0,TAKE_PROFIT (TP_DELTA (+200円)),2000.0,30.0,1970.0,1
156,LONG,2026-05-25 09:00:00,2026-05-25 09:15:00,64415.0,64102.5,64540.0,4,2,TAKE_PROFIT (TP_DELTA (+200円)),17500.0,120.0,17380.0,1
157,LONG,2026-05-25 09:15:00,2026-05-25 09:30:00,64765.0,64640.0,64915.0,2,1,TAKE_PROFIT (TP_DELTA (+200円)),5500.0,60.0,5440.0,1
158,LONG,2026-05-25 09:30:00,2026-05-25 10:15:00,65140.0,65140.0,65340.0,1,0,TAKE_PROFIT (TP_DELTA (+200円)),2000.0,30.0,1970.0,3
159,SHORT,2026-05-26 08:45:00,2026-05-26 09:00:00,65210.0,65210.0,65010.0,1,0,TAKE_PROFIT (TP_DELTA (+200円)),2000.0,30.0,1970.0,1
160,SHORT,2026-05-26 09:00:00,2026-05-26 09:15:00,64965.0,65090.0,64890.0,2,1,TAKE_PROFIT (TP_DELTA (+200円)),4000.0,60.0,3940.0,1
161,LONG,2026-05-27 08:45:00,2026-05-27 09:00:00,65880.0,65880.0,66290.0,1,0,TAKE_PROFIT (TP_DELTA (+200円)),4100.0,30.0,4070.0,1
162,LONG,2026-05-27 09:00:00,2026-05-28 23:00:00,66485.0,64886.51515151515,65085.0,33,10,TAKE_PROFIT (TP_DELTA (+200円)),65499.999999999854,990.0,64509.999999999854,134
163,LONG,2026-05-28 23:00:00,2026-05-28 23:15:00,65180.0,65055.0,65455.0,2,1,TAKE_PROFIT (TP_DELTA (+200円)),8000.0,60.0,7940.0,1
164,LONG,2026-06-01 09:00:00,2026-06-01 09:30:00,66635.0,66510.0,66710.0,2,1,TAKE_PROFIT (TP_DELTA (+200円)),4000.0,60.0,3940.0,2
165,SHORT,2026-06-02 09:00:00,2026-06-02 09:15:00,66695.0,67007.5,66620.0,4,2,TAKE_PROFIT (TP_DELTA (+200円)),15500.0,120.0,15380.0,1
166,SHORT,2026-06-02 09:30:00,2026-06-02 09:45:00,66220.0,66345.0,66145.0,2,1,TAKE_PROFIT (TP_DELTA (+200円)),4000.0,60.0,3940.0,1
167,SHORT,2026-06-02 09:45:00,2026-06-02 10:45:00,66020.0,66145.0,65945.0,2,1,TAKE_PROFIT (TP_DELTA (+200円)),4000.0,60.0,3940.0,4
168,SHORT,2026-06-02 10:45:00,2026-06-02 11:00:00,65805.0,65930.0,65730.0,2,1,TAKE_PROFIT (TP_DELTA (+200円)),4000.0,60.0,3940.0,1
169,LONG,2026-06-02 17:00:00,2026-06-02 23:30:00,66945.0,66945.0,67145.0,1,0,TAKE_PROFIT (TP_DELTA (+200円)),2000.0,30.0,1970.0,26
170,LONG,2026-06-03 09:45:00,2026-06-03 11:00:00,68220.0,68220.0,68420.0,1,0,TAKE_PROFIT (TP_DELTA (+200円)),2000.0,30.0,1970.0,5
171,SHORT,2026-06-04 08:45:00,2026-06-04 09:15:00,67650.0,67775.0,67515.0,2,1,TAKE_PROFIT (TP_DELTA (+200円)),5200.0,60.0,5140.0,2
172,SHORT,2026-06-05 08:45:00,2026-06-05 09:00:00,67250.0,67250.0,66980.0,1,0,TAKE_PROFIT (TP_DELTA (+200円)),2700.0,30.0,2670.0,1
173,SHORT,2026-06-05 09:00:00,2026-06-05 09:15:00,66765.0,66765.0,66350.0,1,0,TAKE_PROFIT (TP_DELTA (+200円)),4150.0,30.0,4120.0,1
174,SHORT,2026-06-06 04:00:00,2026-06-06 04:15:00,64215.0,64340.0,63995.0,2,1,TAKE_PROFIT (TP_DELTA (+200円)),6900.0,60.0,6840.0,1
175,SHORT,2026-06-06 05:00:00,2026-06-06 05:15:00,63605.0,63730.0,63520.0,2,1,TAKE_PROFIT (TP_DELTA (+200円)),4200.0,60.0,4140.0,1
176,LONG,2026-06-08 20:00:00,2026-06-08 20:15:00,64845.0,64720.0,64920.0,2,1,TAKE_PROFIT (TP_DELTA (+200円)),4000.0,60.0,3940.0,1
177,SHORT,2026-06-09 08:45:00,2026-06-09 09:00:00,65195.0,65195.0,64995.0,1,0,TAKE_PROFIT (TP_DELTA (+200円)),2000.0,30.0,1970.0,1
178,SHORT,2026-06-09 09:00:00,2026-06-09 09:15:00,64505.0,64817.5,64620.0,4,2,TAKE_PROFIT (TP_DELTA (+200円)),7900.0,120.0,7780.0,1
179,SHORT,2026-06-09 09:15:00,2026-06-09 09:30:00,64305.0,64617.5,64420.0,4,2,TAKE_PROFIT (TP_DELTA (+200円)),7900.0,120.0,7780.0,1
180,LONG,2026-06-09 17:00:00,2026-06-09 22:00:00,65680.0,65680.0,65880.0,1,0,TAKE_PROFIT (TP_DELTA (+200円)),2000.0,30.0,1970.0,20
181,SHORT,2026-06-09 23:15:00,2026-06-09 23:45:00,65285.0,65410.0,65210.0,2,1,TAKE_PROFIT (TP_DELTA (+200円)),4000.0,60.0,3940.0,2
182,SHORT,2026-06-09 23:45:00,2026-06-10 00:15:00,65030.0,65030.0,64830.0,1,0,TAKE_PROFIT (TP_DELTA (+200円)),2000.0,30.0,1970.0,2
183,SHORT,2026-06-10 00:15:00,2026-06-10 00:30:00,64605.0,64917.5,64375.0,4,2,TAKE_PROFIT (TP_DELTA (+200円)),21700.0,120.0,21580.0,1
184,SHORT,2026-06-10 01:15:00,2026-06-10 01:30:00,63905.0,63905.0,63705.0,1,0,TAKE_PROFIT (TP_DELTA (+200円)),2000.0,30.0,1970.0,1
185,SHORT,2026-06-10 01:30:00,2026-06-10 01:45:00,63625.0,63750.0,63230.0,2,1,TAKE_PROFIT (TP_DELTA (+200円)),10400.0,60.0,10340.0,1
186,LONG,2026-06-10 09:00:00,2026-06-10 09:15:00,64935.0,64622.5,65065.0,4,2,TAKE_PROFIT (TP_DELTA (+200円)),17700.0,120.0,17580.0,1
187,SHORT,2026-06-10 20:00:00,2026-06-10 20:15:00,63215.0,63527.5,63330.0,4,2,TAKE_PROFIT (TP_DELTA (+200円)),7900.0,120.0,7780.0,1
188,LONG,2026-06-10 22:45:00,2026-06-10 23:15:00,64675.0,64550.0,64750.0,2,1,TAKE_PROFIT (TP_DELTA (+200円)),4000.0,60.0,3940.0,2
189,SHORT,2026-06-11 08:45:00,2026-06-11 09:00:00,62930.0,62930.0,62630.0,1,0,TAKE_PROFIT (TP_DELTA (+200円)),3000.0,30.0,2970.0,1
190,LONG,2026-06-11 17:00:00,2026-06-11 17:15:00,64610.0,64610.0,65025.0,1,0,TAKE_PROFIT (TP_DELTA (+200円)),4150.0,30.0,4120.0,1
191,LONG,2026-06-11 22:45:00,2026-06-11 23:00:00,65065.0,64940.0,65140.0,2,1,TAKE_PROFIT (TP_DELTA (+200円)),4000.0,60.0,3940.0,1
192,LONG,2026-06-12 02:15:00,2026-06-12 02:30:00,65400.0,64941.666666666664,65375.0,6,3,TAKE_PROFIT (TP_DELTA (+200円)),26000.000000000146,180.0,25820.000000000146,1
193,LONG,2026-06-12 02:30:00,2026-06-12 02:45:00,65610.0,65610.0,66055.0,1,0,TAKE_PROFIT (TP_DELTA (+200円)),4450.0,30.0,4420.0,1
194,LONG,2026-06-12 04:30:00,2026-06-12 05:00:00,66385.0,66385.0,66585.0,1,0,TAKE_PROFIT (TP_DELTA (+200円)),2000.0,30.0,1970.0,2
195,LONG,2026-06-12 08:45:00,2026-06-12 09:15:00,66935.0,66810.0,67010.0,2,1,TAKE_PROFIT (TP_DELTA (+200円)),4000.0,60.0,3940.0,2
196,LONG,2026-06-15 08:45:00,2026-06-15 09:00:00,68310.0,68310.0,68570.0,1,0,TAKE_PROFIT (TP_DELTA (+200円)),2600.0,30.0,2570.0,1
197,LONG,2026-06-15 09:00:00,2026-06-15 09:15:00,68810.0,68685.0,69010.0,2,1,TAKE_PROFIT (TP_DELTA (+200円)),6500.0,60.0,6440.0,1
198,LONG,2026-06-15 09:45:00,2026-06-15 10:45:00,69555.0,69555.0,69755.0,1,0,TAKE_PROFIT (TP_DELTA (+200円)),2000.0,30.0,1970.0,4
199,SHORT,2026-06-16 08:45:00,2026-06-16 09:00:00,69490.0,69615.0,69415.0,2,1,TAKE_PROFIT (TP_DELTA (+200円)),4000.0,60.0,3940.0,1
200,SHORT,2026-06-16 09:00:00,2026-06-16 14:30:00,69275.0,69733.33333333333,69535.0,6,3,TAKE_PROFIT (TP_DELTA (+200円)),11899.999999999709,180.0,11719.999999999709,22
201,SHORT,2026-06-17 08:45:00,2026-06-18 04:30:00,68900.0,70160.86956521739,69960.0,23,8,TAKE_PROFIT (TP_DELTA (+200円)),46200.000000000146,690.0,45510.000000000146,75
202,SHORT,2026-06-18 04:30:00,2026-06-18 05:00:00,69895.0,70020.0,69820.0,2,1,TAKE_PROFIT (TP_DELTA (+200円)),4000.0,60.0,3940.0,2
203,LONG,2026-06-18 09:00:00,2026-06-18 09:15:00,71205.0,70746.66666666667,71295.0,6,3,TAKE_PROFIT (TP_DELTA (+200円)),32899.99999999971,180.0,32719.99999999971,1
204,LONG,2026-06-18 09:15:00,2026-06-18 09:30:00,71495.0,71182.5,71380.0,4,2,TAKE_PROFIT (TP_DELTA (+200円)),7900.0,120.0,7780.0,1
205,LONG,2026-06-18 17:00:00,2026-06-18 21:30:00,71690.0,71377.5,71580.0,4,2,TAKE_PROFIT (TP_DELTA (+200円)),8100.0,120.0,7980.0,18
206,SHORT,2026-06-19 09:15:00,2026-06-19 12:15:00,71430.0,71555.0,71355.0,2,1,TAKE_PROFIT (TP_DELTA (+200円)),4000.0,60.0,3940.0,12
207,SHORT,2026-06-22 08:45:00,2026-06-23 08:45:00,71500.0,72937.5,72740.0,28,9,TAKE_PROFIT (TP_DELTA (+200円)),55300.0,840.0,54460.0,82
208,SHORT,2026-06-23 08:45:00,2026-06-23 09:00:00,72750.0,72875.0,72675.0,2,1,TAKE_PROFIT (TP_DELTA (+200円)),4000.0,60.0,3940.0,1
209,SHORT,2026-06-23 09:00:00,2026-06-23 09:15:00,72510.0,72635.0,72435.0,2,1,TAKE_PROFIT (TP_DELTA (+200円)),4000.0,60.0,3940.0,1
210,SHORT,2026-06-23 09:15:00,2026-06-23 09:30:00,72260.0,72385.0,71955.0,2,1,TAKE_PROFIT (TP_DELTA (+200円)),8600.0,60.0,8540.0,1
211,SHORT,2026-06-23 10:45:00,2026-06-23 11:00:00,71735.0,71860.0,71660.0,2,1,TAKE_PROFIT (TP_DELTA (+200円)),4000.0,60.0,3940.0,1
212,SHORT,2026-06-23 12:30:00,2026-06-23 13:15:00,71360.0,71485.0,71285.0,2,1,TAKE_PROFIT (TP_DELTA (+200円)),4000.0,60.0,3940.0,3
213,SHORT,2026-06-23 13:45:00,2026-06-23 14:15:00,71015.0,71140.0,70940.0,2,1,TAKE_PROFIT (TP_DELTA (+200円)),4000.0,60.0,3940.0,2
214,SHORT,2026-06-23 14:15:00,2026-06-23 14:30:00,70810.0,70810.0,70610.0,1,0,TAKE_PROFIT (TP_DELTA (+200円)),2000.0,30.0,1970.0,1
215,SHORT,2026-06-23 14:45:00,2026-06-23 15:00:00,70275.0,70400.0,70200.0,2,1,TAKE_PROFIT (TP_DELTA (+200円)),4000.0,60.0,3940.0,1
216,SHORT,2026-06-23 17:00:00,2026-06-23 17:15:00,69550.0,69550.0,69220.0,1,0,TAKE_PROFIT (TP_DELTA (+200円)),3300.0,30.0,3270.0,1
217,LONG,2026-06-24 08:45:00,2026-06-24 09:00:00,69735.0,69610.0,69810.0,2,1,TAKE_PROFIT (TP_DELTA (+200円)),4000.0,60.0,3940.0,1
218,LONG,2026-06-24 09:00:00,2026-06-24 09:15:00,70030.0,69717.5,70075.0,4,2,TAKE_PROFIT (TP_DELTA (+200円)),14300.0,120.0,14180.0,1
219,SHORT,2026-06-24 13:15:00,2026-06-24 22:30:00,68725.0,69363.88888888889,69165.0,9,4,TAKE_PROFIT (TP_DELTA (+200円)),17900.000000000146,270.0,17630.000000000146,33
220,SHORT,2026-06-24 22:30:00,2026-06-24 22:45:00,69075.0,69387.5,69190.0,4,2,TAKE_PROFIT (TP_DELTA (+200円)),7900.0,120.0,7780.0,1
221,LONG,2026-06-25 05:00:00,2026-06-25 05:15:00,69995.0,69682.5,70410.0,4,2,TAKE_PROFIT (TP_DELTA (+200円)),29100.0,120.0,28980.0,1
222,LONG,2026-06-25 05:15:00,2026-06-25 05:30:00,70745.0,70620.0,70820.0,2,1,TAKE_PROFIT (TP_DELTA (+200円)),4000.0,60.0,3940.0,1
223,LONG,2026-06-25 05:30:00,2026-06-25 05:45:00,70975.0,70850.0,71050.0,2,1,TAKE_PROFIT (TP_DELTA (+200円)),4000.0,60.0,3940.0,1
224,LONG,2026-06-25 08:45:00,2026-06-25 09:00:00,71385.0,71260.0,71460.0,2,1,TAKE_PROFIT (TP_DELTA (+200円)),4000.0,60.0,3940.0,1
225,LONG,2026-06-25 10:30:00,2026-06-25 10:45:00,71690.0,71565.0,71765.0,2,1,TAKE_PROFIT (TP_DELTA (+200円)),4000.0,60.0,3940.0,1
226,SHORT,2026-06-25 22:30:00,2026-06-25 22:45:00,72105.0,72230.0,71795.0,2,1,TAKE_PROFIT (TP_DELTA (+200円)),8700.0,60.0,8640.0,1
227,SHORT,2026-06-25 22:45:00,2026-06-25 23:00:00,71545.0,71670.0,70840.0,2,1,TAKE_PROFIT (TP_DELTA (+200円)),16600.0,60.0,16540.0,1
228,SHORT,2026-06-26 09:15:00,2026-06-26 09:30:00,70605.0,70730.0,70530.0,2,1,TAKE_PROFIT (TP_DELTA (+200円)),4000.0,60.0,3940.0,1
229,SHORT,2026-06-26 11:45:00,2026-06-26 12:00:00,69305.0,69430.0,69230.0,2,1,TAKE_PROFIT (TP_DELTA (+200円)),4000.0,60.0,3940.0,1
230,SHORT,2026-06-26 12:30:00,2026-06-26 12:45:00,68990.0,69115.0,68915.0,2,1,TAKE_PROFIT (TP_DELTA (+200円)),4000.0,60.0,3940.0,1
231,LONG,2026-06-26 23:00:00,2026-06-26 23:15:00,69735.0,69735.0,69935.0,1,0,TAKE_PROFIT (TP_DELTA (+200円)),2000.0,30.0,1970.0,1
232,SHORT,2026-06-29 09:00:00,2026-06-29 09:15:00,69260.0,69572.5,69370.0,4,2,TAKE_PROFIT (TP_DELTA (+200円)),8100.0,120.0,7980.0,1
233,SHORT,2026-06-29 09:15:00,2026-06-29 09:30:00,69040.0,69352.5,68735.0,4,2,TAKE_PROFIT (TP_DELTA (+200円)),24700.0,120.0,24580.0,1
234,SHORT,2026-06-29 09:30:00,2026-06-29 09:45:00,68525.0,68650.0,68450.0,2,1,TAKE_PROFIT (TP_DELTA (+200円)),4000.0,60.0,3940.0,1
235,LONG,2026-06-29 15:15:00,2026-06-29 17:00:00,69770.0,69645.0,69885.0,2,1,TAKE_PROFIT (TP_DELTA (+200円)),4800.0,60.0,4740.0,3
236,SHORT,2026-06-29 22:45:00,2026-06-29 23:00:00,69445.0,69757.5,69540.0,4,2,TAKE_PROFIT (TP_DELTA (+200円)),8700.0,120.0,8580.0,1
237,SHORT,2026-06-29 23:00:00,2026-06-29 23:15:00,69240.0,69365.0,68905.0,2,1,TAKE_PROFIT (TP_DELTA (+200円)),9200.0,60.0,9140.0,1
238,SHORT,2026-06-30 09:15:00,2026-06-30 09:30:00,70050.0,70362.5,69955.0,4,2,TAKE_PROFIT (TP_DELTA (+200円)),16300.0,120.0,16180.0,1
239,SHORT,2026-06-30 09:30:00,2026-06-30 09:45:00,69685.0,69810.0,69510.0,2,1,TAKE_PROFIT (TP_DELTA (+200円)),6000.0,60.0,5940.0,1
240,SHORT,2026-06-30 17:30:00,2026-07-01 10:15:00,69875.0,71135.86956521739,70935.0,23,8,TAKE_PROFIT (TP_DELTA (+200円)),46200.000000000146,690.0,45510.000000000146,57
241,SHORT,2026-07-01 10:15:00,2026-07-01 10:30:00,70720.0,71032.5,70795.0,4,2,TAKE_PROFIT (TP_DELTA (+200円)),9500.0,120.0,9380.0,1
242,SHORT,2026-07-01 11:00:00,2026-07-01 21:45:00,70305.0,70763.33333333333,70565.0,6,3,TAKE_PROFIT (TP_DELTA (+200円)),11899.999999999709,180.0,11719.999999999709,39
243,SHORT,2026-07-01 22:30:00,2026-07-01 23:30:00,70145.0,70270.0,70070.0,2,1,TAKE_PROFIT (TP_DELTA (+200円)),4000.0,60.0,3940.0,4
244,SHORT,2026-07-01 23:45:00,2026-07-02 01:30:00,69830.0,70142.5,69940.0,4,2,TAKE_PROFIT (TP_DELTA (+200円)),8100.0,120.0,7980.0,7
245,SHORT,2026-07-02 08:45:00,2026-07-02 09:00:00,69320.0,69445.0,69245.0,2,1,TAKE_PROFIT (TP_DELTA (+200円)),4000.0,60.0,3940.0,1
246,SHORT,2026-07-02 09:00:00,2026-07-02 09:15:00,68975.0,69287.5,69090.0,4,2,TAKE_PROFIT (TP_DELTA (+200円)),7900.0,120.0,7780.0,1
247,SHORT,2026-07-02 17:00:00,2026-07-02 21:30:00,68600.0,69058.33333333333,68860.0,6,3,TAKE_PROFIT (TP_DELTA (+200円)),11899.999999999709,180.0,11719.999999999709,18
248,LONG,2026-07-02 21:30:00,2026-07-02 21:45:00,69550.0,69091.66666666667,69645.0,6,3,TAKE_PROFIT (TP_DELTA (+200円)),33199.99999999971,180.0,33019.99999999971,1
249,SHORT,2026-07-03 00:00:00,2026-07-03 00:15:00,68460.0,68772.5,68570.0,4,2,TAKE_PROFIT (TP_DELTA (+200円)),8100.0,120.0,7980.0,1
250,LONG,2026-07-03 08:45:00,2026-07-03 09:45:00,68575.0,68116.66666666667,68315.0,6,3,TAKE_PROFIT (TP_DELTA (+200円)),11899.999999999709,180.0,11719.999999999709,4
251,LONG,2026-07-03 10:00:00,2026-07-03 10:15:00,68975.0,68662.5,68930.0,4,2,TAKE_PROFIT (TP_DELTA (+200円)),10700.0,120.0,10580.0,1
252,LONG,2026-07-03 11:00:00,2026-07-03 11:45:00,69435.0,69310.0,69510.0,2,1,TAKE_PROFIT (TP_DELTA (+200円)),4000.0,60.0,3940.0,3
253,LONG,2026-07-06 08:45:00,2026-07-06 09:00:00,70075.0,70075.0,70275.0,1,0,TAKE_PROFIT (TP_DELTA (+200円)),2000.0,30.0,1970.0,1
254,SHORT,2026-07-06 09:15:00,2026-07-06 09:30:00,69440.0,70078.88888888889,69505.0,9,4,TAKE_PROFIT (TP_DELTA (+200円)),51650.000000000146,270.0,51380.000000000146,1
255,LONG,2026-07-06 17:00:00,2026-07-06 22:30:00,70210.0,70085.0,70285.0,2,1,TAKE_PROFIT (TP_DELTA (+200円)),4000.0,60.0,3940.0,22
256,SHORT,2026-07-07 08:45:00,2026-07-07 09:00:00,69895.0,70020.0,69665.0,2,1,TAKE_PROFIT (TP_DELTA (+200円)),7100.0,60.0,7040.0,1
257,SHORT,2026-07-07 09:00:00,2026-07-07 09:15:00,69420.0,69732.5,69530.0,4,2,TAKE_PROFIT (TP_DELTA (+200円)),8100.0,120.0,7980.0,1
258,SHORT,2026-07-07 10:15:00,2026-07-07 10:30:00,69025.0,69150.0,68915.0,2,1,TAKE_PROFIT (TP_DELTA (+200円)),4700.0,60.0,4640.0,1
259,SHORT,2026-07-07 14:00:00,2026-07-07 14:15:00,68245.0,68370.0,68170.0,2,1,TAKE_PROFIT (TP_DELTA (+200円)),4000.0,60.0,3940.0,1
260,SHORT,2026-07-07 23:15:00,2026-07-07 23:30:00,67745.0,67870.0,67670.0,2,1,TAKE_PROFIT (TP_DELTA (+200円)),4000.0,60.0,3940.0,1
261,SHORT,2026-07-08 09:00:00,2026-07-08 09:15:00,67110.0,67568.33333333333,67370.0,6,3,TAKE_PROFIT (TP_DELTA (+200円)),11899.999999999709,180.0,11719.999999999709,1
262,LONG,2026-07-08 09:45:00,2026-07-08 12:00:00,68485.0,68026.66666666667,68225.0,6,3,TAKE_PROFIT (TP_DELTA (+200円)),11899.999999999709,180.0,11719.999999999709,9
263,SHORT,2026-07-08 14:45:00,2026-07-08 15:00:00,67305.0,67430.0,67230.0,2,1,TAKE_PROFIT (TP_DELTA (+200円)),4000.0,60.0,3940.0,1
264,SHORT,2026-07-08 15:30:00,2026-07-08 15:45:00,66905.0,67030.0,66815.0,2,1,TAKE_PROFIT (TP_DELTA (+200円)),4300.0,60.0,4240.0,1
265,SHORT,2026-07-08 17:15:00,2026-07-08 17:30:00,66615.0,66927.5,66200.0,4,2,TAKE_PROFIT (TP_DELTA (+200円)),29100.0,120.0,28980.0,1
266,SHORT,2026-07-08 17:30:00,2026-07-08 17:45:00,65980.0,66105.0,65905.0,2,1,TAKE_PROFIT (TP_DELTA (+200円)),4000.0,60.0,3940.0,1
267,SHORT,2026-07-08 18:00:00,2026-07-08 18:15:00,65505.0,65630.0,65430.0,2,1,TAKE_PROFIT (TP_DELTA (+200円)),4000.0,60.0,3940.0,1
268,LONG,2026-07-08 22:30:00,2026-07-08 22:45:00,67015.0,66890.0,67155.0,2,1,TAKE_PROFIT (TP_DELTA (+200円)),5300.0,60.0,5240.0,1
269,LONG,2026-07-09 22:30:00,2026-07-09 22:45:00,68715.0,68590.0,68875.0,2,1,TAKE_PROFIT (TP_DELTA (+200円)),5700.0,60.0,5640.0,1
270,LONG,2026-07-10 08:45:00,2026-07-10 09:45:00,69295.0,68982.5,69180.0,4,2,TAKE_PROFIT (TP_DELTA (+200円)),7900.0,120.0,7780.0,4
271,SHORT,2026-07-10 23:30:00,2026-07-13 08:45:00,68250.0,68888.88888888889,68690.0,9,4,TAKE_PROFIT (TP_DELTA (+200円)),17900.000000000146,270.0,17630.000000000146,27
272,SHORT,2026-07-13 08:45:00,2026-07-13 09:00:00,68895.0,68895.0,68535.0,1,0,TAKE_PROFIT (TP_DELTA (+200円)),3600.0,30.0,3570.0,1
273,SHORT,2026-07-13 09:45:00,2026-07-13 10:00:00,68165.0,68290.0,68090.0,2,1,TAKE_PROFIT (TP_DELTA (+200円)),4000.0,60.0,3940.0,1
274,SHORT,2026-07-13 10:45:00,2026-07-13 12:30:00,67380.0,67692.5,67490.0,4,2,TAKE_PROFIT (TP_DELTA (+200円)),8100.0,120.0,7980.0,7
275,SHORT,2026-07-13 23:15:00,2026-07-14 01:30:00,67340.0,67652.5,67450.0,4,2,TAKE_PROFIT (TP_DELTA (+200円)),8100.0,120.0,7980.0,9
276,SHORT,2026-07-14 08:45:00,2026-07-14 09:00:00,66820.0,66820.0,66620.0,1,0,TAKE_PROFIT (TP_DELTA (+200円)),2000.0,30.0,1970.0,1
277,LONG,2026-07-14 21:30:00,2026-07-14 21:45:00,68435.0,68310.0,68515.0,2,1,TAKE_PROFIT (TP_DELTA (+200円)),4100.0,60.0,4040.0,1
278,LONG,2026-07-15 08:45:00,2026-07-15 09:00:00,68490.0,68490.0,68690.0,1,0,TAKE_PROFIT (TP_DELTA (+200円)),2000.0,30.0,1970.0,1
279,LONG,2026-07-15 09:00:00,2026-07-15 09:15:00,68745.0,68432.5,68745.0,4,2,TAKE_PROFIT (TP_DELTA (+200円)),12500.0,120.0,12380.0,1
280,SHORT,2026-07-15 23:15:00,2026-07-15 23:30:00,67795.0,67920.0,67720.0,2,1,TAKE_PROFIT (TP_DELTA (+200円)),4000.0,60.0,3940.0,1
281,SHORT,2026-07-16 09:30:00,2026-07-16 09:45:00,66790.0,66915.0,66665.0,2,1,TAKE_PROFIT (TP_DELTA (+200円)),5000.0,60.0,4940.0,1
282,SHORT,2026-07-16 17:00:00,2026-07-16 20:00:00,66380.0,66692.5,66490.0,4,2,TAKE_PROFIT (TP_DELTA (+200円)),8100.0,120.0,7980.0,12
283,SHORT,2026-07-17 08:45:00,2026-07-17 09:00:00,65525.0,65650.0,65450.0,2,1,TAKE_PROFIT (TP_DELTA (+200円)),4000.0,60.0,3940.0,1
284,SHORT,2026-07-17 09:00:00,2026-07-17 09:15:00,65300.0,65425.0,64865.0,2,1,TAKE_PROFIT (TP_DELTA (+200円)),11200.0,60.0,11140.0,1
285,SHORT,2026-07-17 09:15:00,2026-07-17 09:30:00,64620.0,64932.5,64630.0,4,2,TAKE_PROFIT (TP_DELTA (+200円)),12100.0,120.0,11980.0,1
286,SHORT,2026-07-17 09:30:00,2026-07-17 09:45:00,64395.0,64520.0,64280.0,2,1,TAKE_PROFIT (TP_DELTA (+200円)),4800.0,60.0,4740.0,1
287,SHORT,2026-07-17 12:45:00,2026-07-17 13:00:00,63815.0,63940.0,63740.0,2,1,TAKE_PROFIT (TP_DELTA (+200円)),4000.0,60.0,3940.0,1
288,SHORT,2026-07-17 13:15:00,2026-07-17 13:30:00,63415.0,63540.0,63220.0,2,1,TAKE_PROFIT (TP_DELTA (+200円)),6400.0,60.0,6340.0,1
289,SHORT,2026-07-17 13:30:00,2026-07-17 22:30:00,62940.0,63731.666666666664,63530.0,12,5,TAKE_PROFIT (TP_DELTA (+200円)),24199.99999999971,360.0,23839.99999999971,32
290,LONG,2026-07-18 00:45:00,2026-07-18 01:45:00,65005.0,64880.0,65080.0,2,1,TAKE_PROFIT (TP_DELTA (+200円)),4000.0,60.0,3940.0,4
291,LONG,2026-07-20 20:30:00,2026-07-20 22:30:00,65890.0,65577.5,65780.0,4,2,TAKE_PROFIT (TP_DELTA (+200円)),8100.0,120.0,7980.0,8
292,SHORT,2026-07-21 04:00:00,2026-07-21 08:45:00,64980.0,65105.0,64905.0,2,1,TAKE_PROFIT (TP_DELTA (+200円)),4000.0,60.0,3940.0,9
293,SHORT,2026-07-21 08:45:00,2026-07-21 09:00:00,64775.0,64900.0,64700.0,2,1,TAKE_PROFIT (TP_DELTA (+200円)),4000.0,60.0,3940.0,1
294,SHORT,2026-07-21 09:00:00,2026-07-21 09:15:00,64425.0,64737.5,64540.0,4,2,TAKE_PROFIT (TP_DELTA (+200円)),7900.0,120.0,7780.0,1
295,LONG,2026-07-21 23:00:00,2026-07-21 23:15:00,66650.0,66650.0,66850.0,1,0,TAKE_PROFIT (TP_DELTA (+200円)),2000.0,30.0,1970.0,1
296,LONG,2026-07-22 00:00:00,2026-07-22 01:00:00,67240.0,67115.0,67315.0,2,1,TAKE_PROFIT (TP_DELTA (+200円)),4000.0,60.0,3940.0,4
297,LONG,2026-07-22 08:45:00,2026-07-22 09:15:00,67520.0,67395.0,67595.0,2,1,TAKE_PROFIT (TP_DELTA (+200円)),4000.0,60.0,3940.0,2
298,SHORT,2026-07-22 14:00:00,2026-07-22 14:15:00,66530.0,66655.0,66435.0,2,1,TAKE_PROFIT (TP_DELTA (+200円)),4400.0,60.0,4340.0,1
299,SHORT,2026-07-22 17:00:00,2026-07-22 21:45:00,65805.0,65930.0,65730.0,2,1,TAKE_PROFIT (TP_DELTA (+200円)),4000.0,60.0,3940.0,19
300,LONG,2026-07-23 09:00:00,2026-07-23 09:45:00,66935.0,66810.0,67010.0,2,1,TAKE_PROFIT (TP_DELTA (+200円)),4000.0,60.0,3940.0,3
301,SHORT,2026-07-23 17:00:00,2026-07-23 21:15:00,66055.0,66180.0,65980.0,2,1,TAKE_PROFIT (TP_DELTA (+200円)),4000.0,60.0,3940.0,17
302,SHORT,2026-07-23 21:30:00,2026-07-23 22:00:00,65745.0,65870.0,65670.0,2,1,TAKE_PROFIT (TP_DELTA (+200円)),4000.0,60.0,3940.0,2
303,SHORT,2026-07-24 09:00:00,2026-07-24 09:15:00,64945.0,65403.333333333336,64920.0,6,3,TAKE_PROFIT (TP_DELTA (+200円)),29000.000000000146,180.0,28820.000000000146,1
304,SHORT,2026-07-24 09:15:00,2026-07-24 09:30:00,64690.0,64815.0,64615.0,2,1,TAKE_PROFIT (TP_DELTA (+200円)),4000.0,60.0,3940.0,1
305,LONG,2026-07-24 17:00:00,2026-07-24 18:30:00,64990.0,64865.0,65065.0,2,1,TAKE_PROFIT (TP_DELTA (+200円)),4000.0,60.0,3940.0,6
306,LONG,2026-07-27 08:45:00,2026-07-27 11:15:00,65390.0,64751.11111111111,64950.0,9,4,TAKE_PROFIT (TP_DELTA (+200円)),17900.000000000146,270.0,17630.000000000146,10
307,SHORT,2026-07-27 22:30:00,2026-07-27 22:45:00,64710.0,64835.0,64635.0,2,1,TAKE_PROFIT (TP_DELTA (+200円)),4000.0,60.0,3940.0,1
308,SHORT,2026-07-27 22:45:00,2026-07-27 23:00:00,64460.0,64585.0,64385.0,2,1,TAKE_PROFIT (TP_DELTA (+200円)),4000.0,60.0,3940.0,1
309,SHORT,2026-07-27 23:00:00,2026-07-27 23:15:00,64200.0,64325.0,64125.0,2,1,TAKE_PROFIT (TP_DELTA (+200円)),4000.0,60.0,3940.0,1
310,SHORT,2026-07-27 23:15:00,2026-07-27 23:30:00,63955.0,64080.0,63880.0,2,1,TAKE_PROFIT (TP_DELTA (+200円)),4000.0,60.0,3940.0,1
311,SHORT,2026-07-27 23:30:00,2026-07-28 00:30:00,63690.0,63815.0,63615.0,2,1,TAKE_PROFIT (TP_DELTA (+200円)),4000.0,60.0,3940.0,4
312,SHORT,2026-07-28 09:00:00,2026-07-28 09:15:00,63180.0,63305.0,63000.0,2,1,TAKE_PROFIT (TP_DELTA (+200円)),6100.0,60.0,6040.0,1
313,SHORT,2026-07-28 09:15:00,2026-07-28 09:30:00,62705.0,62830.0,62630.0,2,1,TAKE_PROFIT (TP_DELTA (+200円)),4000.0,60.0,3940.0,1
314,LONG,2026-07-29 09:00:00,2026-07-29 09:15:00,63155.0,62842.5,63040.0,4,2,TAKE_PROFIT (TP_DELTA (+200円)),7900.0,120.0,7780.0,1
315,SHORT,2026-07-29 10:00:00,2026-07-29 10:15:00,62190.0,62502.5,62170.0,4,2,TAKE_PROFIT (TP_DELTA (+200円)),13300.0,120.0,13180.0,1
316,SHORT,2026-07-29 10:45:00,2026-07-29 11:00:00,61785.0,61910.0,61405.0,2,1,TAKE_PROFIT (TP_DELTA (+200円)),10100.0,60.0,10040.0,1
317,SHORT,2026-07-29 12:30:00,2026-07-29 12:45:00,60930.0,61055.0,60855.0,2,1,TAKE_PROFIT (TP_DELTA (+200円)),4000.0,60.0,3940.0,1
318,LONG,2026-07-29 15:45:00,2026-07-29 17:00:00,62445.0,62445.0,62645.0,1,0,TAKE_PROFIT (TP_DELTA (+200円)),2000.0,30.0,1970.0,1
319,LONG,2026-07-29 17:00:00,2026-07-29 17:45:00,62645.0,62520.0,62720.0,2,1,TAKE_PROFIT (TP_DELTA (+200円)),4000.0,60.0,3940.0,3
320,SHORT,2026-07-29 22:45:00,2026-07-29 23:00:00,62245.0,62370.0,62170.0,2,1,TAKE_PROFIT (TP_DELTA (+200円)),4000.0,60.0,3940.0,1
321,SHORT,2026-07-29 23:15:00,2026-07-29 23:30:00,61885.0,62010.0,61810.0,2,1,TAKE_PROFIT (TP_DELTA (+200円)),4000.0,60.0,3940.0,1
322,SHORT,2026-07-30 05:00:00,2026-07-30 05:15:00,61065.0,61190.0,60990.0,2,1,TAKE_PROFIT (TP_DELTA (+200円)),4000.0,60.0,3940.0,1
323,LONG,2026-07-30 23:15:00,2026-07-30 23:30:00,63255.0,63130.0,63330.0,2,1,TAKE_PROFIT (TP_DELTA (+200円)),4000.0,60.0,3940.0,1
324,LONG,2026-07-31 08:45:00,2026-07-31 09:00:00,64055.0,64055.0,64290.0,1,0,TAKE_PROFIT (TP_DELTA (+200円)),2350.0,30.0,2320.0,1
325,LONG,2026-07-31 09:00:00,2026-07-31 09:15:00,64695.0,64570.0,64830.0,2,1,TAKE_PROFIT (TP_DELTA (+200円)),5200.0,60.0,5140.0,1
326,LONG,2026-07-31 09:30:00,2026-07-31 10:00:00,65155.0,65030.0,65280.0,2,1,TAKE_PROFIT (TP_DELTA (+200円)),5000.0,60.0,4940.0,2
327,SHORT,2026-07-31 15:30:00,2026-07-31 15:45:00,63730.0,64042.5,63720.0,4,2,TAKE_PROFIT (TP_DELTA (+200円)),12900.0,120.0,12780.0,1
328,SHORT,2026-07-31 22:30:00,2026-07-31 22:45:00,63440.0,63752.5,63410.0,4,2,TAKE_PROFIT (TP_DELTA (+200円)),13700.0,120.0,13580.0,1
329,SHORT,2026-07-31 22:45:00,2026-07-31 23:00:00,63120.0,63245.0,63045.0,2,1,TAKE_PROFIT (TP_DELTA (+200円)),4000.0,60.0,3940.0,1
330,SHORT,2026-07-31 23:00:00,2026-07-31 23:15:00,62830.0,62955.0,62755.0,2,1,TAKE_PROFIT (TP_DELTA (+200円)),4000.0,60.0,3940.0,1
331,LONG,2026-08-03 08:45:00,2026-08-03 11:00:00,63715.0,63256.666666666664,63455.0,6,3,TAKE_PROFIT (TP_DELTA (+200円)),11900.000000000146,180.0,11720.000000000146,9
332,SHORT,2026-08-03 22:30:00,2026-08-04 09:30:00,62260.0,63520.86956521739,63320.0,23,8,TAKE_PROFIT (TP_DELTA (+200円)),46200.000000000146,690.0,45510.000000000146,34
333,LONG,2026-08-05 08:45:00,2026-08-05 09:15:00,65865.0,65740.0,65940.0,2,1,TAKE_PROFIT (TP_DELTA (+200円)),4000.0,60.0,3940.0,2
334,LONG,2026-08-05 09:15:00,2026-08-05 09:30:00,66075.0,65950.0,66150.0,2,1,TAKE_PROFIT (TP_DELTA (+200円)),4000.0,60.0,3940.0,1
335,SHORT,2026-08-06 09:15:00,2026-08-06 10:00:00,65240.0,65365.0,65165.0,2,1,TAKE_PROFIT (TP_DELTA (+200円)),4000.0,60.0,3940.0,3
336,LONG,2026-08-06 23:00:00,2026-08-06 23:15:00,65980.0,65855.0,66055.0,2,1,TAKE_PROFIT (TP_DELTA (+200円)),4000.0,60.0,3940.0,1
337,SHORT,2026-08-07 09:00:00,2026-08-07 09:15:00,65315.0,65627.5,65365.0,4,2,TAKE_PROFIT (TP_DELTA (+200円)),10500.0,120.0,10380.0,1
338,LONG,2026-08-07 21:30:00,2026-08-07 21:45:00,66285.0,66160.0,66550.0,2,1,TAKE_PROFIT (TP_DELTA (+200円)),7800.0,60.0,7740.0,1
339,LONG,2026-08-10 17:00:00,2026-08-11 10:00:00,67370.0,66731.11111111111,66930.0,9,4,TAKE_PROFIT (TP_DELTA (+200円)),17900.000000000146,270.0,17630.000000000146,58
340,LONG,2026-08-11 20:00:00,2026-08-12 12:30:00,67510.0,67197.5,67400.0,4,2,TAKE_PROFIT (TP_DELTA (+200円)),8100.0,120.0,7980.0,56
341,LONG,2026-08-12 21:45:00,2026-08-12 22:00:00,68585.0,68585.0,68785.0,1,0,TAKE_PROFIT (TP_DELTA (+200円)),2000.0,30.0,1970.0,1
342,LONG,2026-08-13 23:30:00,2026-08-14 09:00:00,69470.0,69345.0,69545.0,2,1,TAKE_PROFIT (TP_DELTA (+200円)),4000.0,60.0,3940.0,28
343,LONG,2026-08-17 08:45:00,2026-08-17 14:30:00,68960.0,68835.0,69035.0,2,1,TAKE_PROFIT (TP_DELTA (+200円)),4000.0,60.0,3940.0,23
344,SHORT,2026-08-18 09:00:00,2026-08-18 10:30:00,68665.0,68790.0,68590.0,2,1,TAKE_PROFIT (TP_DELTA (+200円)),4000.0,60.0,3940.0,6
345,SHORT,2026-08-18 10:45:00,2026-08-18 11:15:00,68355.0,68480.0,68280.0,2,1,TAKE_PROFIT (TP_DELTA (+200円)),4000.0,60.0,3940.0,2
346,SHORT,2026-08-18 11:15:00,2026-08-18 12:15:00,68150.0,68150.0,67950.0,1,0,TAKE_PROFIT (TP_DELTA (+200円)),2000.0,30.0,1970.0,4
347,SHORT,2026-08-18 17:00:00,2026-08-18 22:45:00,67190.0,67190.0,66990.0,1,0,TAKE_PROFIT (TP_DELTA (+200円)),2000.0,30.0,1970.0,23
348,SHORT,2026-08-18 23:45:00,2026-08-19 00:15:00,66450.0,66450.0,66250.0,1,0,TAKE_PROFIT (TP_DELTA (+200円)),2000.0,30.0,1970.0,2
349,SHORT,2026-08-19 09:00:00,2026-08-19 09:15:00,65725.0,65850.0,65605.0,2,1,TAKE_PROFIT (TP_DELTA (+200円)),4900.0,60.0,4840.0,1
350,SHORT,2026-08-19 09:15:00,2026-08-19 11:15:00,65345.0,65803.33333333333,65605.0,6,3,TAKE_PROFIT (TP_DELTA (+200円)),11899.999999999709,180.0,11719.999999999709,8
351,LONG,2026-08-19 17:00:00,2026-08-19 17:15:00,66130.0,66005.0,66250.0,2,1,TAKE_PROFIT (TP_DELTA (+200円)),4900.0,60.0,4840.0,1
352,LONG,2026-08-19 21:45:00,2026-08-20 08:45:00,66735.0,66096.11111111111,66335.0,9,4,TAKE_PROFIT (TP_DELTA (+200円)),21500.000000000146,270.0,21230.000000000146,34
353,SHORT,2026-08-20 21:00:00,2026-08-20 21:15:00,65215.0,65340.0,65140.0,2,1,TAKE_PROFIT (TP_DELTA (+200円)),4000.0,60.0,3940.0,1
354,SHORT,2026-08-21 22:30:00,2026-08-21 23:30:00,65765.0,65890.0,65690.0,2,1,TAKE_PROFIT (TP_DELTA (+200円)),4000.0,60.0,3940.0,4
355,SHORT,2026-08-24 22:30:00,2026-08-24 22:45:00,65165.0,65290.0,64980.0,2,1,TAKE_PROFIT (TP_DELTA (+200円)),6200.0,60.0,6140.0,1
356,SHORT,2026-08-25 09:00:00,2026-08-25 09:15:00,64905.0,65030.0,64725.0,2,1,TAKE_PROFIT (TP_DELTA (+200円)),6100.0,60.0,6040.0,1
357,SHORT,2026-08-26 08:45:00,2026-08-26 09:00:00,65670.0,65795.0,65595.0,2,1,TAKE_PROFIT (TP_DELTA (+200円)),4000.0,60.0,3940.0,1
358,LONG,2026-08-27 08:45:00,2026-08-28 09:00:00,66990.0,66198.33333333333,66400.0,12,5,TAKE_PROFIT (TP_DELTA (+200円)),24200.000000000582,360.0,23840.000000000582,83
359,LONG,2026-08-28 09:00:00,2026-08-28 09:15:00,66460.0,66335.0,66535.0,2,1,TAKE_PROFIT (TP_DELTA (+200円)),4000.0,60.0,3940.0,1
360,SHORT,2026-08-29 00:45:00,2026-08-29 01:00:00,65970.0,66095.0,65895.0,2,1,TAKE_PROFIT (TP_DELTA (+200円)),4000.0,60.0,3940.0,1
361,SHORT,2026-08-31 08:45:00,2026-08-31 09:00:00,65395.0,65395.0,64870.0,1,0,TAKE_PROFIT (TP_DELTA (+200円)),5250.0,30.0,5220.0,1
362,SHORT,2026-08-31 09:00:00,2026-09-01 17:00:00,64630.0,65735.26315789473,65535.0,19,7,TAKE_PROFIT (TP_DELTA (+200円)),38049.99999999927,570.0,37479.99999999927,110
363,SHORT,2026-09-01 17:00:00,2026-09-01 17:15:00,65810.0,65810.0,65505.0,1,0,TAKE_PROFIT (TP_DELTA (+200円)),3050.0,30.0,3020.0,1
364,SHORT,2026-09-01 17:15:00,2026-09-01 17:30:00,65295.0,65295.0,65095.0,1,0,TAKE_PROFIT (TP_DELTA (+200円)),2000.0,30.0,1970.0,1
365,LONG,2026-09-02 23:15:00,2026-09-03 02:00:00,64605.0,64480.0,64680.0,2,1,TAKE_PROFIT (TP_DELTA (+200円)),4000.0,60.0,3940.0,11
